Station ID,Value,DateTime,Rainfall (mm),Quality Code
4854009, 18.00,20220101 0000, 0.0, 1
4854009, 18.00,20220101 0100, 0.0, 1
4854009, 18.00,20220101 0200, 0.0, 1
4854009, 18.00,20220101 0300, 0.0, 1
4854009, 18.00,20220101 0400, 0.0, 1
4854009, 18.00,20220101 0500, 0.0, 1
4854009, 18.00,20220101 0600, 0.0, 1
4854009, 18.00,20220101 0700, 0.0, 1
4854009, 18.00,20220101 0800, 0.0, 1
4854009, 18.00,20220101 0900, 0.0, 1
4854009, 18.00,20220101 1000, 0.0, 1
4854009, 18.00,20220101 1100, 0.0, 1
4854009, 18.00,20220101 1200, 0.0, 1
4854009, 18.00,20220101 1300, 0.0, 1
4854009, 18.00,20220101 1400, 6.0, 1
4854009, 18.00,20220101 1500, 6.5, 1
4854009, 18.00,20220101 1600, 0.0, 1
4854009, 18.00,20220101 1700, 1.0, 1
4854009, 18.00,20220101 1800, 0.0, 1
4854009, 18.00,20220101 1900, 0.0, 1
4854009, 18.00,20220101 2000, 0.0, 1
4854009, 18.00,20220101 2100, 0.0, 1
4854009, 18.00,20220101 2200, 0.0, 1
4854009, 18.00,20220101 2300, 0.0, 1
4854009, 18.00,20220102 0000, 0.0, 1
4854009, 18.00,20220102 0100, 0.0, 1
4854009, 18.00,20220102 0200, 0.0, 1
4854009, 18.00,20220102 0300, 0.0, 1
4854009, 18.00,20220102 0400, 0.0, 1
4854009, 18.00,20220102 0500, 0.0, 1
4854009, 18.00,20220102 0600, 0.0, 1
4854009, 18.00,20220102 0700, 0.0, 1
4854009, 18.00,20220102 0800, 0.0, 1
4854009, 18.00,20220102 0900, 0.0, 1
4854009, 18.00,20220102 1000, 0.0, 1
4854009, 18.00,20220102 1100, 0.0, 1
4854009, 18.00,20220102 1200, 0.0, 1
4854009, 18.00,20220102 1300, 0.0, 1
4854009, 18.00,20220102 1400, 0.0, 1
4854009, 18.00,20220102 1500, 0.0, 1
4854009, 18.00,20220102 1600, 0.0, 1
4854009, 18.00,20220102 1700, 0.0, 1
4854009, 18.00,20220102 1800, 0.0, 1
4854009, 18.00,20220102 1900, 0.0, 1
4854009, 18.00,20220102 2000, 0.0, 1
4854009, 18.00,20220102 2100, 0.0, 1
4854009, 18.00,20220102 2200, 0.0, 1
4854009, 18.00,20220102 2300, 0.0, 1
4854009, 18.00,20220103 0000, 0.0, 1
4854009, 18.00,20220103 0100, 0.0, 1
4854009, 18.00,20220103 0200, 0.0, 1
4854009, 18.00,20220103 0300, 0.0, 1
4854009, 18.00,20220103 0400, 0.0, 1
4854009, 18.00,20220103 0500, 0.0, 1
4854009, 18.00,20220103 0600, 0.0, 1
4854009, 18.00,20220103 0700, 0.0, 1
4854009, 18.00,20220103 0800, 0.0, 1
4854009, 18.00,20220103 0900, 0.0, 1
4854009, 18.00,20220103 1000, 0.0, 1
4854009, 18.00,20220103 1100, 0.0, 1
4854009, 18.00,20220103 1200, 0.0, 1
4854009, 18.00,20220103 1300, 0.0, 1
4854009, 18.00,20220103 1400, 8.5, 1
4854009, 18.00,20220103 1500, 11.5, 1
4854009, 18.00,20220103 1600, 0.5, 1
4854009, 18.00,20220103 1700, 0.0, 1
4854009, 18.00,20220103 1800, 0.0, 1
4854009, 18.00,20220103 1900, 0.0, 1
4854009, 18.00,20220103 2000, 0.0, 1
4854009, 18.00,20220103 2100, 0.5, 1
4854009, 18.00,20220103 2200, 0.0, 1
4854009, 18.00,20220103 2300, 0.5, 1
4854009, 18.00,20220104 0000, 1.0, 1
4854009, 18.00,20220104 0100, 0.0, 1
4854009, 18.00,20220104 0200, 0.0, 1
4854009, 18.00,20220104 0300, 0.0, 1
4854009, 18.00,20220104 0400, 0.0, 1
4854009, 18.00,20220104 0500, 0.0, 1
4854009, 18.00,20220104 0600, 0.0, 1
4854009, 18.00,20220104 0700, 0.0, 1
4854009, 18.00,20220104 0800, 0.0, 1
4854009, 18.00,20220104 0900, 0.0, 1
4854009, 18.00,20220104 1000, 0.0, 1
4854009, 18.00,20220104 1100, 0.0, 1
4854009, 18.00,20220104 1200, 0.0, 1
4854009, 18.00,20220104 1300, 0.0, 1
4854009, 18.00,20220104 1400, 0.0, 1
4854009, 18.00,20220104 1500, 0.0, 1
4854009, 18.00,20220104 1600, 0.0, 1
4854009, 18.00,20220104 1700, 0.0, 1
4854009, 18.00,20220104 1800, 0.0, 1
4854009, 18.00,20220104 1900, 0.0, 1
4854009, 18.00,20220104 2000, 0.0, 1
4854009, 18.00,20220104 2100, 0.0, 1
4854009, 18.00,20220104 2200, 0.0, 1
4854009, 18.00,20220104 2300, 0.0, 1
4854009, 18.00,20220105 0000, 0.0, 1
4854009, 18.00,20220105 0100, 0.0, 1
4854009, 18.00,20220105 0200, 0.0, 1
4854009, 18.00,20220105 0300, 0.0, 1
4854009, 18.00,20220105 0400, 0.0, 1
4854009, 18.00,20220105 0500, 0.0, 1
4854009, 18.00,20220105 0600, 0.0, 1
4854009, 18.00,20220105 0700, 0.0, 1
4854009, 18.00,20220105 0800, 0.0, 1
4854009, 18.00,20220105 0900, 0.0, 1
4854009, 18.00,20220105 1000, 0.0, 1
4854009, 18.00,20220105 1100, 0.0, 1
4854009, 18.00,20220105 1200, 0.0, 1
4854009, 18.00,20220105 1300, 0.0, 1
4854009, 18.00,20220105 1400, 0.0, 1
4854009, 18.00,20220105 1500, 0.0, 1
4854009, 18.00,20220105 1600, 0.0, 1
4854009, 18.00,20220105 1700, 0.0, 1
4854009, 18.00,20220105 1800, 0.0, 1
4854009, 18.00,20220105 1900, 0.0, 1
4854009, 18.00,20220105 2000, 0.0, 1
4854009, 18.00,20220105 2100, 0.0, 1
4854009, 18.00,20220105 2200, 0.0, 1
4854009, 18.00,20220105 2300, 0.0, 1
4854009, 18.00,20220106 0000, 0.0, 1
4854009, 18.00,20220106 0100, 0.0, 1
4854009, 18.00,20220106 0200, 0.0, 1
4854009, 18.00,20220106 0300, 0.0, 1
4854009, 18.00,20220106 0400, 0.0, 1
4854009, 18.00,20220106 0500, 0.0, 1
4854009, 18.00,20220106 0600, 0.0, 1
4854009, 18.00,20220106 0700, 0.0, 1
4854009, 18.00,20220106 0800, 0.0, 1
4854009, 18.00,20220106 0900, 0.0, 1
4854009, 18.00,20220106 1000, 0.0, 1
4854009, 18.00,20220106 1100, 0.0, 1
4854009, 18.00,20220106 1200, 0.0, 1
4854009, 18.00,20220106 1300, 0.0, 1
4854009, 18.00,20220106 1400, 0.0, 1
4854009, 18.00,20220106 1500, 0.0, 1
4854009, 18.00,20220106 1600, 0.0, 1
4854009, 18.00,20220106 1700, 0.0, 1
4854009, 18.00,20220106 1800, 0.5, 1
4854009, 18.00,20220106 1900, 0.0, 1
4854009, 18.00,20220106 2000, 0.0, 1
4854009, 18.00,20220106 2100, 0.0, 1
4854009, 18.00,20220106 2200, 0.0, 1
4854009, 18.00,20220106 2300, 0.0, 1
4854009, 18.00,20220107 0000, 0.0, 1
4854009, 18.00,20220107 0100, 0.0, 1
4854009, 18.00,20220107 0200, 0.0, 1
4854009, 18.00,20220107 0300, 0.0, 1
4854009, 18.00,20220107 0400, 0.0, 1
4854009, 18.00,20220107 0500, 0.0, 1
4854009, 18.00,20220107 0600, 0.0, 1
4854009, 18.00,20220107 0700, 0.0, 1
4854009, 18.00,20220107 0800, 0.0, 1
4854009, 18.00,20220107 0900, 0.0, 1
4854009, 18.00,20220107 1000, 0.5, 1
4854009, 18.00,20220107 1100, 0.0, 1
4854009, 18.00,20220107 1200, 0.0, 1
4854009, 18.00,20220107 1300, 0.0, 1
4854009, 18.00,20220107 1400, 0.0, 1
4854009, 18.00,20220107 1500, 0.0, 1
4854009, 18.00,20220107 1600, 1.0, 1
4854009, 18.00,20220107 1700, 1.0, 1
4854009, 18.00,20220107 1800, 0.5, 1
4854009, 18.00,20220107 1900, 1.0, 1
4854009, 18.00,20220107 2000, 0.0, 1
4854009, 18.00,20220107 2100, 0.0, 1
4854009, 18.00,20220107 2200, 0.0, 1
4854009, 18.00,20220107 2300, 0.0, 1
4854009, 18.00,20220108 0000, 0.0, 1
4854009, 18.00,20220108 0100, 0.0, 1
4854009, 18.00,20220108 0200, 0.0, 1
4854009, 18.00,20220108 0300, 0.0, 1
4854009, 18.00,20220108 0400, 0.0, 1
4854009, 18.00,20220108 0500, 0.0, 1
4854009, 18.00,20220108 0600, 0.0, 1
4854009, 18.00,20220108 0700, 0.0, 1
4854009, 18.00,20220108 0800, 0.0, 1
4854009, 18.00,20220108 0900, 0.0, 1
4854009, 18.00,20220108 1000, 0.5, 1
4854009, 18.00,20220108 1100, 0.0, 1
4854009, 18.00,20220108 1200, 0.0, 1
4854009, 18.00,20220108 1300, 0.0, 1
4854009, 18.00,20220108 1400, 0.0, 1
4854009, 18.00,20220108 1500, 0.0, 1
4854009, 18.00,20220108 1600, 0.0, 1
4854009, 18.00,20220108 1700, 0.0, 1
4854009, 18.00,20220108 1800, 0.0, 1
4854009, 18.00,20220108 1900, 0.0, 1
4854009, 18.00,20220108 2000, 0.0, 1
4854009, 18.00,20220108 2100, 0.0, 1
4854009, 18.00,20220108 2200, 0.0, 1
4854009, 18.00,20220108 2300, 0.0, 1
4854009, 18.00,20220109 0000, 0.0, 1
4854009, 18.00,20220109 0100, 0.0, 1
4854009, 18.00,20220109 0200, 0.0, 1
4854009, 18.00,20220109 0300, 0.0, 1
4854009, 18.00,20220109 0400, 0.0, 1
4854009, 18.00,20220109 0500, 0.0, 1
4854009, 18.00,20220109 0600, 0.0, 1
4854009, 18.00,20220109 0700, 0.0, 1
4854009, 18.00,20220109 0800, 0.0, 1
4854009, 18.00,20220109 0900, 0.0, 1
4854009, 18.00,20220109 1000, 0.0, 1
4854009, 18.00,20220109 1100, 0.0, 1
4854009, 18.00,20220109 1200, 0.0, 1
4854009, 18.00,20220109 1300, 0.0, 1
4854009, 18.00,20220109 1400, 0.0, 1
4854009, 18.00,20220109 1500, 0.0, 1
4854009, 18.00,20220109 1600, 0.0, 1
4854009, 18.00,20220109 1700, 0.0, 1
4854009, 18.00,20220109 1800, 0.0, 1
4854009, 18.00,20220109 1900, 0.0, 1
4854009, 18.00,20220109 2000, 0.0, 1
4854009, 18.00,20220109 2100, 0.0, 1
4854009, 18.00,20220109 2200, 0.0, 1
4854009, 18.00,20220109 2300, 0.0, 1
4854009, 18.00,20220110 0000, 0.0, 1
4854009, 18.00,20220110 0100, 0.0, 1
4854009, 18.00,20220110 0200, 0.0, 1
4854009, 18.00,20220110 0300, 0.0, 1
4854009, 18.00,20220110 0400, 0.0, 1
4854009, 18.00,20220110 0500, 0.0, 1
4854009, 18.00,20220110 0600, 0.0, 1
4854009, 18.00,20220110 0700, 0.0, 1
4854009, 18.00,20220110 0800, 0.0, 1
4854009, 18.00,20220110 0900, 0.0, 1
4854009, 18.00,20220110 1000, 0.0, 1
4854009, 18.00,20220110 1100, 0.0, 1
4854009, 18.00,20220110 1200, 0.0, 1
4854009, 18.00,20220110 1300, 0.0, 1
4854009, 18.00,20220110 1400, 0.0, 1
4854009, 18.00,20220110 1500, 0.0, 1
4854009, 18.00,20220110 1600, 0.0, 1
4854009, 18.00,20220110 1700, 0.0, 1
4854009, 18.00,20220110 1800, 0.0, 1
4854009, 18.00,20220110 1900, 0.0, 1
4854009, 18.00,20220110 2000, 0.0, 1
4854009, 18.00,20220110 2100, 0.0, 1
4854009, 18.00,20220110 2200, 0.0, 1
4854009, 18.00,20220110 2300, 0.0, 1
4854009, 18.00,20220111 0000, 0.0, 1
4854009, 18.00,20220111 0100, 0.0, 1
4854009, 18.00,20220111 0200, 0.0, 1
4854009, 18.00,20220111 0300, 0.0, 1
4854009, 18.00,20220111 0400, 0.0, 1
4854009, 18.00,20220111 0500, 0.0, 1
4854009, 18.00,20220111 0600, 0.0, 1
4854009, 18.00,20220111 0700, 0.0, 1
4854009, 18.00,20220111 0800, 0.0, 1
4854009, 18.00,20220111 0900, 0.0, 1
4854009, 18.00,20220111 1000, 0.0, 1
4854009, 18.00,20220111 1100, 0.0, 1
4854009, 18.00,20220111 1200, 0.0, 1
4854009, 18.00,20220111 1300, 0.0, 1
4854009, 18.00,20220111 1400, 0.0, 1
4854009, 18.00,20220111 1500, 0.0, 1
4854009, 18.00,20220111 1600, 0.0, 1
4854009, 18.00,20220111 1700, 0.0, 1
4854009, 18.00,20220111 1800, 0.0, 1
4854009, 18.00,20220111 1900, 0.0, 1
4854009, 18.00,20220111 2000, 0.0, 1
4854009, 18.00,20220111 2100, 0.0, 1
4854009, 18.00,20220111 2200, 0.0, 1
4854009, 18.00,20220111 2300, 0.0, 1
4854009, 18.00,20220112 0000, 0.0, 1
4854009, 18.00,20220112 0100, 0.0, 1
4854009, 18.00,20220112 0200, 0.0, 1
4854009, 18.00,20220112 0300, 0.0, 1
4854009, 18.00,20220112 0400, 0.0, 1
4854009, 18.00,20220112 0500, 0.0, 1
4854009, 18.00,20220112 0600, 0.0, 1
4854009, 18.00,20220112 0700, 0.0, 1
4854009, 18.00,20220112 0800, 0.0, 1
4854009, 18.00,20220112 0900, 0.0, 1
4854009, 18.00,20220112 1000, 0.0, 1
4854009, 18.00,20220112 1100, 0.0, 1
4854009, 18.00,20220112 1200, 0.0, 1
4854009, 18.00,20220112 1300, 0.0, 1
4854009, 18.00,20220112 1400, 0.0, 1
4854009, 18.00,20220112 1500, 0.0, 1
4854009, 18.00,20220112 1600, 0.0, 1
4854009, 18.00,20220112 1700, 0.0, 1
4854009, 18.00,20220112 1800, 0.0, 1
4854009, 18.00,20220112 1900, 0.0, 1
4854009, 18.00,20220112 2000, 0.0, 1
4854009, 18.00,20220112 2100, 0.0, 1
4854009, 18.00,20220112 2200, 0.0, 1
4854009, 18.00,20220112 2300, 0.0, 1
4854009, 18.00,20220113 0000, 0.0, 1
4854009, 18.00,20220113 0100, 0.0, 1
4854009, 18.00,20220113 0200, 0.0, 1
4854009, 18.00,20220113 0300, 0.0, 1
4854009, 18.00,20220113 0400, 0.0, 1
4854009, 18.00,20220113 0500, 0.0, 1
4854009, 18.00,20220113 0600, 0.0, 1
4854009, 18.00,20220113 0700, 0.0, 1
4854009, 18.00,20220113 0800, 0.0, 1
4854009, 18.00,20220113 0900, 0.0, 1
4854009, 18.00,20220113 1000, 0.0, 1
4854009, 18.00,20220113 1100, 0.0, 1
4854009, 18.00,20220113 1200, 0.0, 1
4854009, 18.00,20220113 1300, 0.0, 1
4854009, 18.00,20220113 1400, 0.0, 1
4854009, 18.00,20220113 1500, 0.0, 1
4854009, 18.00,20220113 1600, 0.0, 1
4854009, 18.00,20220113 1700, 0.5, 1
4854009, 18.00,20220113 1800, 0.0, 1
4854009, 18.00,20220113 1900, 0.0, 1
4854009, 18.00,20220113 2000, 0.0, 1
4854009, 18.00,20220113 2100, 0.0, 1
4854009, 18.00,20220113 2200, 0.0, 1
4854009, 18.00,20220113 2300, 0.0, 1
4854009, 18.00,20220114 0000, 0.0, 1
4854009, 18.00,20220114 0100, 0.0, 1
4854009, 18.00,20220114 0200, 0.0, 1
4854009, 18.00,20220114 0300, 0.0, 1
4854009, 18.00,20220114 0400, 0.0, 1
4854009, 18.00,20220114 0500, 0.0, 1
4854009, 18.00,20220114 0600, 0.0, 1
4854009, 18.00,20220114 0700, 0.0, 1
4854009, 18.00,20220114 0800, 0.0, 1
4854009, 18.00,20220114 0900, 0.0, 1
4854009, 18.00,20220114 1000, 0.0, 1
4854009, 18.00,20220114 1100, 0.0, 1
4854009, 18.00,20220114 1200, 0.0, 1
4854009, 18.00,20220114 1300, 0.0, 1
4854009, 18.00,20220114 1400, 0.0, 1
4854009, 18.00,20220114 1500, 0.0, 1
4854009, 18.00,20220114 1600, 0.5, 1
4854009, 18.00,20220114 1700, 0.0, 1
4854009, 18.00,20220114 1800, 0.0, 1
4854009, 18.00,20220114 1900, 0.0, 1
4854009, 18.00,20220114 2000, 0.0, 1
4854009, 18.00,20220114 2100, 0.0, 1
4854009, 18.00,20220114 2200, 0.0, 1
4854009, 18.00,20220114 2300, 0.0, 1
4854009, 18.00,20220115 0000, 0.0, 1
4854009, 18.00,20220115 0100, 0.0, 1
4854009, 18.00,20220115 0200, 0.0, 1
4854009, 18.00,20220115 0300, 0.0, 1
4854009, 18.00,20220115 0400, 0.0, 1
4854009, 18.00,20220115 0500, 0.0, 1
4854009, 18.00,20220115 0600, 0.0, 1
4854009, 18.00,20220115 0700, 0.0, 1
4854009, 18.00,20220115 0800, 0.0, 1
4854009, 18.00,20220115 0900, 0.0, 1
4854009, 18.00,20220115 1000, 0.0, 1
4854009, 18.00,20220115 1100, 0.0, 1
4854009, 18.00,20220115 1200, 0.0, 1
4854009, 18.00,20220115 1300, 0.0, 1
4854009, 18.00,20220115 1400, 0.0, 1
4854009, 18.00,20220115 1500, 0.0, 1
4854009, 18.00,20220115 1600, 0.0, 1
4854009, 18.00,20220115 1700, 0.0, 1
4854009, 18.00,20220115 1800, 0.0, 1
4854009, 18.00,20220115 1900, 0.0, 1
4854009, 18.00,20220115 2000, 0.0, 1
4854009, 18.00,20220115 2100, 0.0, 1
4854009, 18.00,20220115 2200, 0.0, 1
4854009, 18.00,20220115 2300, 0.0, 1
4854009, 18.00,20220116 0000, 0.5, 1
4854009, 18.00,20220116 0100, 0.5, 1
4854009, 18.00,20220116 0200, 0.0, 1
4854009, 18.00,20220116 0300, 0.0, 1
4854009, 18.00,20220116 0400, 0.0, 1
4854009, 18.00,20220116 0500, 0.0, 1
4854009, 18.00,20220116 0600, 0.0, 1
4854009, 18.00,20220116 0700, 0.0, 1
4854009, 18.00,20220116 0800, 0.0, 1
4854009, 18.00,20220116 0900, 0.0, 1
4854009, 18.00,20220116 1000, 0.0, 1
4854009, 18.00,20220116 1100, 0.0, 1
4854009, 18.00,20220116 1200, 0.0, 1
4854009, 18.00,20220116 1300, 0.5, 1
4854009, 18.00,20220116 1400, 0.0, 1
4854009, 18.00,20220116 1500, 0.0, 1
4854009, 18.00,20220116 1600, 0.0, 1
4854009, 18.00,20220116 1700, 0.0, 1
4854009, 18.00,20220116 1800, 0.0, 1
4854009, 18.00,20220116 1900, 0.0, 1
4854009, 18.00,20220116 2000, 0.0, 1
4854009, 18.00,20220116) 2100, 0.0, 1
4854009, 18.00,20220116 2200, 0.0, 1
4854009, 18.00,20220116 2300, 0.0, 1
4854009, 18.00,20220117 0000, 0.0, 1
4854009, 18.00,20220117 0100, 0.0, 1
4854009, 18.00,20220117 0200, 0.0, 1
4854009, 18.00,20220117 0300, 0.0, 1
4854009, 18.00,20220117 0400, 0.0, 1
4854009, 18.00,20220117 0500, 0.0, 1
4854009, 18.00,20220117 0600, 0.0, 1
4854009, 18.00,20220117 0700, 0.0, 1
4854009, 18.00,20220117 0800, 0.0, 1
4854009, 18.00,20220117 0900, 0.0, 1
4854009, 18.00,20220117 1000, 0.0, 1
4854009, 18.00,20220117 1100, 0.0, 1
4854009, 18.00,20220117 1200, 0.0, 1
4854009, 18.00,20220117 1300, 0.0, 1
4854009, 18.00,20220117 1400, 0.5, 1
4854009, 18.00,20220117 1500, 0.0, 1
4854009, 18.00,20220117 1600, 2.0, 1
4854009, 18.00,20220117 1700, 42.0, 1
4854009, 18.00,20220117 1800, 15.0, 1
4854009, 18.00,20220117 1900, 10.5, 1
4854009, 18.00,20220117 2000, 4.0, 1
4854009, 18.00,20220117 2100, 2.5, 1
4854009, 18.00,20220117 2200, 0.0, 1
4854009, 18.00,20220117 2300, 0.0, 1
4854009, 18.00,20220118 0000, 0.0, 1
4854009, 18.00,20220118 0100, 0.0, 1
4854009, 18.00,20220118 0200, 0.0, 1
4854009, 18.00,20220118 0300, 0.0, 1
4854009, 18.00,20220118 0400, 0.0, 1
4854009, 18.00,20220118 0500, 0.0, 1
4854009, 18.00,20220118 0600, 0.0, 1
4854009, 18.00,20220118 0700, 0.0, 1
4854009, 18.00,20220118 0800, 0.0, 1
4854009, 18.00,20220118 0900, 0.0, 1
4854009, 18.00,20220118 1000, 0.5, 1
4854009, 18.00,20220118 1100, 0.0, 1
4854009, 18.00,20220118 1200, 0.0, 1
4854009, 18.00,20220118 1300, 26.5, 1
4854009, 18.00,20220118 1400, 0.0, 1
4854009, 18.00,20220118 1500, 7.5, 1
4854009, 18.00,20220118 1600, 2.0, 1
4854009, 18.00,20220118 1700, 0.0, 1
4854009, 18.00,20220118 1800, 0.0, 1
4854009, 18.00,20220118 1900, 0.0, 1
4854009, 18.00,20220118 2000, 0.0, 1
4854009, 18.00,20220118 2100, 5.0, 1
4854009, 18.00,20220118 2200, 1.0, 1
4854009, 18.00,20220118 2300, 0.5, 1
4854009, 18.00,20220119 0000, 0.0, 1
4854009, 18.00,20220119 0100, 0.0, 1
4854009, 18.00,20220119 0200, 0.0, 1
4854009, 18.00,20220119 0300, 0.0, 1
4854009, 18.00,20220119 0400, 0.0, 1
4854009, 18.00,20220119 0500, 0.0, 1
4854009, 18.00,20220119 0600, 0.0, 1
4854009, 18.00,20220119 0700, 0.0, 1
4854009, 18.00,20220119 0800, 0.0, 1
4854009, 18.00,20220119 0900, 0.0, 1
4854009, 18.00,20220119 1000, 0.0, 1
4854009, 18.00,20220119 1100, 0.0, 1
4854009, 18.00,20220119 1200, 0.5, 1
4854009, 18.00,20220119 1300, 0.0, 1
4854009, 18.00,20220119 1400, 0.0, 1
4854009, 18.00,20220119 1500, 0.0, 1
4854009, 18.00,20220119 1600, 0.0, 1
4854009, 18.00,20220119 1700, 0.0, 1
4854009, 18.00,20220119 1800, 0.5, 1
4854009, 18.00,20220119 1900, 0.0, 1
4854009, 18.00,20220119 2000, 0.5, 1
4854009, 18.00,20220119 2100, 0.0, 1
4854009, 18.00,20220119 2200, 0.0, 1
4854009, 18.00,20220119 2300, 0.0, 1
4854009, 18.00,20220120 0000, 0.0, 1
4854009, 18.00,20220120 0100, 0.0, 1
4854009, 18.00,20220120 0200, 0.0, 1
4854009, 18.00,20220120 0300, 0.0, 1
4854009, 18.00,20220120 0400, 0.0, 1
4854009, 18.00,20220120 0500, 0.0, 1
4854009, 18.00,20220120 0600, 0.0, 1
4854009, 18.00,20220120 0700, 0.0, 1
4854009, 18.00,20220120 0800, 0.0, 1
4854009, 18.00,20220120 0900, 0.0, 1
4854009, 18.00,20220120 1000, 0.0, 1
4854009, 18.00,20220120 1100, 0.0, 1
4854009, 18.00,20220120 1200, 0.0, 1
4854009, 18.00,20220120 1300, 0.0, 1
4854009, 18.00,20220120 1400, 0.0, 1
4854009, 18.00,20220120 1500, 0.0, 1
4854009, 18.00,20220120 1600, 0.0, 1
4854009, 18.00,20220120 1700, 0.0, 1
4854009, 18.00,20220120 1800, 0.0, 1
4854009, 18.00,20220120 1900, 0.0, 1
4854009, 18.00,20220120 2000, 0.0, 1
4854009, 18.00,20220120 2100, 0.0, 1
4854009, 18.00,20220120 2200, 0.0, 1
4854009, 18.00,20220120 2300, 0.0, 1
4854009, 18.00,20220121 0000, 0.0, 1
4854009, 18.00,20220121 0100, 0.0, 1
4854009, 18.00,20220121 0200, 0.0, 1
4854009, 18.00,20220121 0300, 0.0, 1
4854009, 18.00,20220121 0400, 0.0, 1
4854009, 18.00,20220121 0500, 0.0, 1
4854009, 18.00,20220121 0600, 0.0, 1
4854009, 18.00,20220121 0700, 0.0, 1
4854009, 18.00,20220121 0800, 0.0, 1
4854009, 18.00,20220121 0900, 0.0, 1
4854009, 18.00,20220121 1000, 0.0, 1
4854009, 18.00,20220121 1100, 0.0, 1
4854009, 18.00,20220121 1200, 0.0, 1
4854009, 18.00,20220121 1300, 0.0, 1
4854009, 18.00,20220121 1400, 0.0, 1
4854009, 18.00,20220121 1500, 0.0, 1
4854009, 18.00,20220121 1600, 0.0, 1
4854009, 18.00,20220121 1700, 0.0, 1
4854009, 18.00,20220121 1800, 0.0, 1
4854009, 18.00,20220121 1900, 0.0, 1
4854009, 18.00,20220121 2000, 0.0, 1
4854009, 18.00,20220121 2100, 0.0, 1
4854009, 18.00,20220121 2200, 0.0, 1
4854009, 18.00,20220121 2300, 0.0, 1
4854009, 18.00,20220122 0000, 0.0, 1
4854009, 18.00,20220122 0100, 0.0, 1
4854009, 18.00,20220122 0200, 0.0, 1
4854009, 18.00,20220122 0300, 0.0, 1
4854009, 18.00,20220122 0400, 0.0, 1
4854009, 18.00,20220122 0500, 0.0, 1
4854009, 18.00,20220122 0600, 0.0, 1
4854009, 18.00,20220122 0700, 0.0, 1
4854009, 18.00,20220122 0800, 0.0, 1
4854009, 18.00,20220122 0900, 0.0, 1
4854009, 18.00,20220122 1000, 0.0, 1
4854009, 18.00,20220122 1100, 0.0, 1
4854009, 18.00,20220122 1200, 0.0, 1
4854009, 18.00,20220122 1300, 0.0, 1
4854009, 18.00,20220122 1400, 0.0, 1
4854009, 18.00,20220122 1500, 0.0, 1
4854009, 18.00,20220122 1600, 0.0, 1
4854009, 18.00,20220122 1700, 0.0, 1
4854009, 18.00,20220122 1800, 0.0, 1
4854009, 18.00,20220122 1900, 0.5, 1
4854009, 18.00,20220122 2000, 2.0, 1
4854009, 18.00,20220122 2100, 0.0, 1
4854009, 18.00,20220122 2200, 1.0, 1
4854009, 18.00,20220122 2300, 0.0, 1
4854009, 18.00,20220123 0000, 0.0, 1
4854009, 18.00,20220123 0100, 0.0, 1
4854009, 18.00,20220123 0200, 0.0, 1
4854009, 18.00,20220123 0300, 0.0, 1
4854009, 18.00,20220123 0400, 0.0, 1
4854009, 18.00,20220123 0500, 0.0, 1
4854009, 18.00,20220123 0600, 0.0, 1
4854009, 18.00,20220123 0700, 0.0, 1
4854009, 18.00,20220123 0800, 0.0, 1
4854009, 18.00,20220123 0900, 0.0, 1
4854009, 18.00,20220123 1000, 0.0, 1
4854009, 18.00,20220123 1100, 0.0, 1
4854009, 18.00,20220123 1200, 0.5, 1
4854009, 18.00,20220123 1300, 0.0, 1
4854009, 18.00,20220123 1400, 0.0, 1
4854009, 18.00,20220123 1500, 0.0, 1
4854009, 18.00,20220123 1600, 0.0, 1
4854009, 18.00,20220123 1700, 0.0, 1
4854009, 18.00,20220123 1800, 0.0, 1
4854009, 18.00,20220123 1900, 0.0, 1
4854009, 18.00,20220123 2000, 0.0, 1
4854009, 18.00,20220123 2100, 0.0, 1
4854009, 18.00,20220123 2200, 0.0, 1
4854009, 18.00,20220123 2300, 0.0, 1
4854009, 18.00,20220124 0000, 0.0, 1
4854009, 18.00,20220124 0100, 0.0, 1
4854009, 18.00,20220124 0200, 0.0, 1
4854009, 18.00,20220124 0300, 0.0, 1
4854009, 18.00,20220124 0400, 0.0, 1
4854009, 18.00,20220124 0500, 1.0, 1
4854009, 18.00,20220124 0600, 10.0, 1
4854009, 18.00,20220124 0700, 0.0, 1
4854009, 18.00,20220124 0800, 0.0, 1
4854009, 18.00,20220124 0900, 0.0, 1
4854009, 18.00,20220124 1000, 0.0, 1
4854009, 18.00,20220124 1100, 0.0, 1
4854009, 18.00,20220124 1200, 0.0, 1
4854009, 18.00,20220124 1300, 0.0, 1
4854009, 18.00,20220124 1400, 0.0, 1
4854009, 18.00,20220124 1500, 0.0, 1
4854009, 18.00,20220124 1600, 6.0, 1
4854009, 18.00,20220124 1700, 0.5, 1
4854009, 18.00,20220124 1800, 0.0, 1
4854009, 18.00,20220124 1900, 0.0, 1
4854009, 18.00,20220124 2000, 0.0, 1
4854009, 18.00,20220124 2100, 0.0, 1
4854009, 18.00,20220124 2200, 0.0, 1
4854009, 18.00,20220124 2300, 0.0, 1
4854009, 18.00,20220125 0000, 0.0, 1
4854009, 18.00,20220125 0100, 0.0, 1
4854009, 18.00,20220125 0200, 0.0, 1
4854009, 18.00,20220125 0300, 0.0, 1
4854009, 18.00,20220125 0400, 0.0, 1
4854009, 18.00,20220125 0500, 0.0, 1
4854009, 18.00,20220125 0600, 0.0, 1
4854009, 18.00,20220125 0700, 0.0, 1
4854009, 18.00,20220125 0800, 0.0, 1
4854009, 18.00,20220125 0900, 0.0, 1
4854009, 18.00,20220125 1000, 0.5, 1
4854009, 18.00,20220125 1100, 0.0, 1
4854009, 18.00,20220125 1200, 0.0, 1
4854009, 18.00,20220125 1300, 0.0, 1
4854009, 18.00,20220125 1400, 0.0, 1
4854009, 18.00,20220125 1500, 0.0, 1
4854009, 18.00,20220125 1600, 0.0, 1
4854009, 18.00,20220125 1700, 0.0, 1
4854009, 18.00,20220125 1800, 0.0, 1
4854009, 18.00,20220125 1900, 0.0, 1
4854009, 18.00,20220125 2000, 0.0, 1
4854009, 18.00,20220125 2100, 0.0, 1
4854009, 18.00,20220125 2200, 0.0, 1
4854009, 18.00,20220125 2300, 0.0, 1
4854009, 18.00,20220126 0000, 1.0, 1
4854009, 18.00,20220126 0100, 2.5, 1
4854009, 18.00,20220126 0200, 0.0, 1
4854009, 18.00,20220126 0300, 0.0, 1
4854009, 18.00,20220126 0400, 0.0, 1
4854009, 18.00,20220126 0500, 0.0, 1
4854009, 18.00,20220126 0600, 0.0, 1
4854009, 18.00,20220126 0700, 0.0, 1
4854009, 18.00,20220126 0800, 0.0, 1
4854009, 18.00,20220126 0900, 0.0, 1
4854009, 18.00,20220126 1000, 0.0, 1
4854009, 18.00,20220126 1100, 0.5, 1
4854009, 18.00,20220126 1200, 0.0, 1
4854009, 18.00,20220126 1300, 0.0, 1
4854009, 18.00,20220126 1400, 0.0, 1
4854009, 18.00,20220126 1500, 0.0, 1
4854009, 18.00,20220126 1600, 4.0, 1
4854009, 18.00,20220126 1700, 1.5, 1
4854009, 18.00,20220126 1800, 0.5, 1
4854009, 18.00,20220126 1900, 0.0, 1
4854009, 18.00,20220126 2000, 0.0, 1
4854009, 18.00,20220126 2100, 0.0, 1
4854009, 18.00,20220126 2200, 0.0, 1
4854009, 18.00,20220126 2300, 0.0, 1
4854009, 18.00,20220127 0000, 0.0, 1
4854009, 18.00,20220127 0100, 0.0, 1
4854009, 18.00,20220127 0200, 0.0, 1
4854009, 18.00,20220127 0300, 0.0, 1
4854009, 18.00,20220127 0400, 0.0, 1
4854009, 18.00,20220127 0500, 0.0, 1
4854009, 18.00,20220127 0600, 0.0, 1
4854009, 18.00,20220127 0700, 0.0, 1
4854009, 18.00,20220127 0800, 0.0, 1
4854009, 18.00,20220127 0900, 0.0, 1
4854009, 18.00,20220127 1000, 0.0, 1
4854009, 18.00,20220127 1100, 0.0, 1
4854009, 18.00,20220127 1200, 0.0, 1
4854009, 18.00,20220127 1300, 0.0, 1
4854009, 18.00,20220127 1400, 0.0, 1
4854009, 18.00,20220127 1500, 25.5, 1
4854009, 18.00,20220127 1600, 21.5, 1
4854009, 18.00,20220127 1700, 1.0, 1
4854009, 18.00,20220127 1800, 0.5, 1
4854009, 18.00,20220127 1900, 3.5, 1
4854009, 18.00,20220127 2000, 5.0, 1
4854009, 18.00,20220127 2100, 0.0, 1
4854009, 18.00,20220127 2200, 0.0, 1
4854009, 18.00,20220127 2300, 0.5, 1
4854009, 18.00,20220128 0000, 0.0, 1
4854009, 18.00,20220128 0100, 0.0, 1
4854009, 18.00,20220128 0200, 0.0, 1
4854009, 18.00,20220128 0300, 1.0, 1
4854009, 18.00,20220128 0400, 0.5, 1
4854009, 18.00,20220128 0500, 0.5, 1
4854009, 18.00,20220128 0600, 1.0, 1
4854009, 18.00,20220128 0700, 1.0, 1
4854009, 18.00,20220128 0800, 0.5, 1
4854009, 18.00,20220128 0900, 0.0, 1
4854009, 18.00,20220128 1000, 0.0, 1
4854009, 18.00,20220128 1100, 0.0, 1
4854009, 18.00,20220128 1200, 0.0, 1
4854009, 18.00,20220128 1300, 0.0, 1
4854009, 18.00,20220128 1400, 0.5, 1
4854009, 18.00,20220128 1500, 0.0, 1
4854009, 18.00,20220128 1600, 0.0, 1
4854009, 18.00,20220128 1700, 0.0, 1
4854009, 18.00,20220128 1800, 0.0, 1
4854009, 18.00,20220128 1900, 0.0, 1
4854009, 18.00,20220128 2000, 0.0, 1
4854009, 18.00,20220128 2100, 0.0, 1
4854009, 18.00,20220128 2200, 0.0, 1
4854009, 18.00,20220128 2300, 0.0, 1
4854009, 18.00,20220129 0000, 0.0, 1
4854009, 18.00,20220129 0100, 0.0, 1
4854009, 18.00,20220129 0200, 0.0, 1
4854009, 18.00,20220129 0300, 0.0, 1
4854009, 18.00,20220129 0400, 0.0, 1
4854009, 18.00,20220129 0500, 0.0, 1
4854009, 18.00,20220129 0600, 0.0, 1
4854009, 18.00,20220129 0700, 0.0, 1
4854009, 18.00,20220129 0800, 0.0, 1
4854009, 18.00,20220129 0900, 0.0, 1
4854009, 18.00,20220129 1000, 0.0, 1
4854009, 18.00,20220129 1100, 0.0, 1
4854009, 18.00,20220129 1200, 0.0, 1
4854009, 18.00,20220129 1300, 0.0, 1
4854009, 18.00,20220129 1400, 0.0, 1
4854009, 18.00,20220129 1500, 0.0, 1
4854009, 18.00,20220129 1600, 0.0, 1
4854009, 18.00,20220129 1700, 0.0, 1
4854009, 18.00,20220129 1800, 0.0, 1
4854009, 18.00,20220129 1900, 0.0, 1
4854009, 18.00,20220129 2000, 0.0, 1
4854009, 18.00,20220129 2100, 0.0, 1
4854009, 18.00,20220129 2200, 0.0, 1
4854009, 18.00,20220129 2300, 0.0, 1
4854009, 18.00,20220130 0000, 0.0, 1
4854009, 18.00,20220130 0100, 0.0, 1
4854009, 18.00,20220130 0200, 0.0, 1
4854009, 18.00,20220130 0300, 0.0, 1
4854009, 18.00,20220130 0400, 0.0, 1
4854009, 18.00,20220130 0500, 0.0, 1
4854009, 18.00,20220130 0600, 0.0, 1
4854009, 18.00,20220130 0700, 0.0, 1
4854009, 18.00,20220130 0800, 0.0, 1
4854009, 18.00,20220130 0900, 0.0, 1
4854009, 18.00,20220130 1000, 0.0, 1
4854009, 18.00,20220130 1100, 0.0, 1
4854009, 18.00,20220130 1200, 0.0, 1
4854009, 18.00,20220130 1300, 0.0, 1
4854009, 18.00,20220130 1400, 0.0, 1
4854009, 18.00,20220130 1500, 2.0, 1
4854009, 18.00,20220130 1600, 0.5, 1
4854009, 18.00,20220130 1700, 0.0, 1
4854009, 18.00,20220130 1800, 0.0, 1
4854009, 18.00,20220130 1900, 0.0, 1
4854009, 18.00,20220130 2000, 0.0, 1
4854009, 18.00,20220130: 2100, 0.0, 1
4854009, 18.00,20220130 2200, 0.0, 1
4854009, 18.00,20220130 2300, 0.0, 1
4854009, 18.00,20220131 0000, 0.0, 1
4854009, 18.00,20220131 0100, 0.0, 1
4854009, 18.00,20220131 0200, 0.0, 1
4854009, 18.00,20220131 0300, 0.0, 1
4854009, 18.00,20220131 0400, 0.0, 1
4854009, 18.00,20220131 0500, 0.0, 1
4854009, 18.00,20220131 0600, 0.0, 1
4854009, 18.00,20220131 0700, 0.5, 1
4854009, 18.00,20220131 0800, 0.0, 1
4854009, 18.00,20220131 0900, 0.0, 1
4854009, 18.00,20220131 1000, 0.0, 1
4854009, 18.00,20220131 1100, 0.0, 1
4854009, 18.00,20220131 1200, 0.0, 1
4854009, 18.00,20220131 1300, 0.0, 1
4854009, 18.00,20220131 1400, 0.0, 1
4854009, 18.00,20220131 1500, 0.0, 1
4854009, 18.00,20220131 1600, 0.0, 1
4854009, 18.00,20220131 1700, 0.0, 1
4854009, 18.00,20220131 1800, 0.0, 1
4854009, 18.00,20220131 1900, 0.0, 1
4854009, 18.00,20220131 2000, 0.0, 1
4854009, 18.00,20220131 2100, 0.0, 1
4854009, 18.00,20220131 2200, 0.0, 1
4854009, 18.00,20220131 2300, 0.0, 1
4854009, 18.00,20220201 0000, 0.0, 1
4854009, 18.00,20220201 0100, 0.0, 1
4854009, 18.00,20220201 0200, 0.0, 1
4854009, 18.00,20220201 0300, 0.0, 1
4854009, 18.00,20220201 0400, 0.0, 1
4854009, 18.00,20220201 0500, 0.0, 1
4854009, 18.00,20220201 0600, 0.0, 1
4854009, 18.00,20220201 0700, 0.0, 1
4854009, 18.00,20220201 0800, 0.0, 1
4854009, 18.00,20220201 0900, 0.0, 1
4854009, 18.00,20220201 1000, 0.0, 1
4854009, 18.00,20220201 1100, 0.0, 1
4854009, 18.00,20220201 1200, 0.0, 1
4854009, 18.00,20220201 1300, 0.0, 1
4854009, 18.00,20220201 1400, 0.0, 1
4854009, 18.00,20220201 1500, 0.0, 1
4854009, 18.00,20220201 1600, 0.0, 1
4854009, 18.00,20220201 1700, 0.0, 1
4854009, 18.00,20220201 1800, 0.0, 1
4854009, 18.00,20220201 1900, 0.0, 1
4854009, 18.00,20220201 2000, 0.0, 1
4854009, 18.00,20220201 2100, 0.0, 1
4854009, 18.00,20220201 2200, 0.0, 1
4854009, 18.00,20220201 2300, 0.0, 1
4854009, 18.00,20220202 0000, 0.0, 1
4854009, 18.00,20220202 0100, 0.0, 1
4854009, 18.00,20220202 0200, 0.0, 1
4854009, 18.00,20220202 0300, 0.0, 1
4854009, 18.00,20220202 0400, 0.0, 1
4854009, 18.00,20220202 0500, 0.0, 1
4854009, 18.00,20220202 0600, 0.0, 1
4854009, 18.00,20220202 0700, 0.0, 1
4854009, 18.00,20220202 0800, 0.0, 1
4854009, 18.00,20220202 0900, 0.0, 1
4854009, 18.00,20220202 1000, 0.0, 1
4854009, 18.00,20220202 1100, 0.0, 1
4854009, 18.00,20220202 1200, 0.0, 1
4854009, 18.00,20220202 1300, 0.0, 1
4854009, 18.00,20220202 1400, 0.0, 1
4854009, 18.00,20220202 1500, 0.0, 1
4854009, 18.00,20220202 1600, 0.0, 1
4854009, 18.00,20220202 1700, 0.0, 1
4854009, 18.00,20220202 1800, 6.5, 1
4854009, 18.00,20220202 1900, 0.0, 1
4854009, 18.00,20220202 2000, 0.0, 1
4854009, 18.00,20220202 2100, 0.0, 1
4854009, 18.00,20220202 2200, 0.0, 1
4854009, 18.00,20220202 2300, 0.0, 1
4854009, 18.00,20220203 0000, 0.0, 1
4854009, 18.00,20220203 0100, 0.0, 1
4854009, 18.00,20220203 0200, 0.0, 1
4854009, 18.00,20220203 0300, 0.0, 1
4854009, 18.00,20220203 0400, 0.0, 1
4854009, 18.00,20220203 0500, 0.0, 1
4854009, 18.00,20220203 0600, 0.0, 1
4854009, 18.00,20220203 0700, 0.0, 1
4854009, 18.00,20220203 0800, 0.0, 1
4854009, 18.00,20220203 0900, 0.0, 1
4854009, 18.00,20220203 1000, 0.0, 1
4854009, 18.00,20220203 1100, 0.0, 1
4854009, 18.00,20220203 1200, 0.0, 1
4854009, 18.00,20220203 1300, 0.0, 1
4854009, 18.00,20220203 1400, 0.0, 1
4854009, 18.00,20220203 1500, 0.0, 1
4854009, 18.00,20220203 1600, 0.0, 1
4854009, 18.00,20220203 1700, 0.0, 1
4854009, 18.00,20220203 1800, 0.0, 1
4854009, 18.00,20220203 1900, 0.0, 1
4854009, 18.00,20220203 2000, 0.0, 1
4854009, 18.00,20220203 2100, 0.0, 1
4854009, 18.00,20220203 2200, 0.0, 1
4854009, 18.00,20220203 2300, 0.0, 1
4854009, 18.00,20220204 0000, 0.0, 1
4854009, 18.00,20220204 0100, 0.0, 1
4854009, 18.00,20220204 0200, 0.0, 1
4854009, 18.00,20220204 0300, 0.0, 1
4854009, 18.00,20220204 0400, 0.0, 1
4854009, 18.00,20220204 0500, 0.0, 1
4854009, 18.00,20220204 0600, 0.0, 1
4854009, 18.00,20220204 0700, 0.0, 1
4854009, 18.00,20220204 0800, 0.0, 1
4854009, 18.00,20220204 0900, 0.0, 1
4854009, 18.00,20220204 1000, 0.0, 1
4854009, 18.00,20220204 1100, 0.0, 1
4854009, 18.00,20220204 1200, 0.0, 1
4854009, 18.00,20220204 1300, 0.0, 1
4854009, 18.00,20220204 1400, 0.0, 1
4854009, 18.00,20220204 1500, 0.0, 1
4854009, 18.00,20220204 1600, 1.0, 1
4854009, 18.00,20220204 1700, 0.0, 1
4854009, 18.00,20220204 1800, 0.0, 1
4854009, 18.00,20220204 1900, 0.0, 1
4854009, 18.00,20220204 2000, 0.0, 1
4854009, 18.00,20220204 2100, 0.0, 1
4854009, 18.00,20220204 2200, 0.0, 1
4854009, 18.00,20220204 2300, 0.0, 1
4854009, 18.00,20220205 0000, 0.0, 1
4854009, 18.00,20220205 0100, 0.0, 1
4854009, 18.00,20220205 0200, 0.0, 1
4854009, 18.00,20220205 0300, 0.0, 1
4854009, 18.00,20220205 0400, 0.0, 1
4854009, 18.00,20220205 0500, 0.0, 1
4854009, 18.00,20220205 0600, 0.0, 1
4854009, 18.00,20220205 0700, 0.0, 1
4854009, 18.00,20220205 0800, 0.0, 1
4854009, 18.00,20220205 0900, 0.0, 1
4854009, 18.00,20220205 1000, 0.0, 1
4854009, 18.00,20220205 1100, 0.0, 1
4854009, 18.00,20220205 1200, 0.0, 1
4854009, 18.00,20220205 1300, 0.0, 1
4854009, 18.00,20220205 1400, 0.0, 1
4854009, 18.00,20220205 1500, 0.0, 1
4854009, 18.00,20220205 1600, 0.0, 1
4854009, 18.00,20220205 1700, 0.0, 1
4854009, 18.00,20220205 1800, 0.0, 1
4854009, 18.00,20220205 1900, 0.0, 1
4854009, 18.00,20220205 2000, 0.0, 1
4854009, 18.00,20220205 2100, 0.0, 1
4854009, 18.00,20220205 2200, 0.5, 1
4854009, 18.00,20220205 2300, 0.0, 1
4854009, 18.00,20220206 0000, 0.0, 1
4854009, 18.00,20220206 0100, 0.0, 1
4854009, 18.00,20220206 0200, 0.0, 1
4854009, 18.00,20220206 0300, 0.0, 1
4854009, 18.00,20220206 0400, 0.0, 1
4854009, 18.00,20220206 0500, 0.0, 1
4854009, 18.00,20220206 0600, 0.0, 1
4854009, 18.00,20220206 0700, 0.0, 1
4854009, 18.00,20220206 0800, 0.0, 1
4854009, 18.00,20220206 0900, 0.0, 1
4854009, 18.00,20220206 1000, 0.0, 1
4854009, 18.00,20220206 1100, 0.0, 1
4854009, 18.00,20220206 1200, 0.0, 1
4854009, 18.00,20220206 1300, 0.0, 1
4854009, 18.00,20220206 1400, 0.0, 1
4854009, 18.00,20220206 1500, 0.0, 1
4854009, 18.00,20220206 1600, 0.0, 1
4854009, 18.00,20220206 1700, 0.5, 1
4854009, 18.00,20220206 1800, 0.0, 1
4854009, 18.00,20220206 1900, 0.0, 1
4854009, 18.00,20220206 2000, 0.0, 1
4854009, 18.00,20220206 2100, 0.0, 1
4854009, 18.00,20220206 2200, 0.0, 1
4854009, 18.00,20220206 2300, 0.0, 1
4854009, 18.00,20220207 0000, 0.0, 1
4854009, 18.00,20220207 0100, 0.0, 1
4854009, 18.00,20220207 0200, 0.0, 1
4854009, 18.00,20220207 0300, 0.0, 1
4854009, 18.00,20220207 0400, 0.0, 1
4854009, 18.00,20220207 0500, 0.0, 1
4854009, 18.00,20220207 0600, 0.0, 1
4854009, 18.00,20220207 0700, 0.0, 1
4854009, 18.00,20220207 0800, 0.0, 1
4854009, 18.00,20220207 0900, 0.0, 1
4854009, 18.00,20220207 1000, 0.0, 1
4854009, 18.00,20220207 1100, 0.5, 1
4854009, 18.00,20220207 1200, 0.0, 1
4854009, 18.00,20220207 1300, 0.0, 1
4854009, 18.00,20220207 1400, 0.0, 1
4854009, 18.00,20220207 1500, 0.0, 1
4854009, 18.00,20220207 1600, 0.0, 1
4854009, 18.00,20220207 1700, 0.0, 1
4854009, 18.00,20220207 1800, 0.0, 1
4854009, 18.00,20220207 1900, 0.0, 1
4854009, 18.00,20220207 2000, 0.0, 1
4854009, 18.00,20220207 2100, 0.0, 1
4854009, 18.00,20220207 2200, 0.0, 1
4854009, 18.00,20220207 2300, 0.0, 1
4854009, 18.00,20220208 0000, 0.0, 1
4854009, 18.00,20220208 0100, 0.0, 1
4854009, 18.00,20220208 0200, 0.0, 1
4854009, 18.00,20220208 0300, 0.0, 1
4854009, 18.00,20220208 0400, 0.0, 1
4854009, 18.00,20220208 0500, 0.0, 1
4854009, 18.00,20220208 0600, 0.0, 1
4854009, 18.00,20220208 0700, 0.0, 1
4854009, 18.00,20220208 0800, 0.0, 1
4854009, 18.00,20220208 0900, 0.0, 1
4854009, 18.00,20220208 1000, 0.0, 1
4854009, 18.00,20220208 1100, 0.0, 1
4854009, 18.00,20220208 1200, 0.0, 1
4854009, 18.00,20220208 1300, 0.0, 1
4854009, 18.00,20220208 1400, 0.0, 1
4854009, 18.00,20220208 1500, 0.0, 1
4854009, 18.00,20220208 1600, 0.0, 1
4854009, 18.00,20220208 1700, 0.0, 1
4854009, 18.00,20220208 1800, 0.0, 1
4854009, 18.00,20220208 1900, 0.0, 1
4854009, 18.00,20220208 2000, 0.0, 1
4854009, 18.00,20220208 2100, 0.0, 1
4854009, 18.00,20220208 2200, 0.0, 1
4854009, 18.00,20220208 2300, 0.0, 1
4854009, 18.00,20220209 0000, 0.0, 1
4854009, 18.00,20220209 0100, 0.0, 1
4854009, 18.00,20220209 0200, 0.0, 1
4854009, 18.00,20220209 0300, 0.0, 1
4854009, 18.00,20220209 0400, 0.0, 1
4854009, 18.00,20220209 0500, 0.0, 1
4854009, 18.00,20220209 0600, 0.0, 1
4854009, 18.00,20220209 0700, 0.0, 1
4854009, 18.00,20220209 0800, 0.0, 1
4854009, 18.00,20220209 0900, 0.0, 1
4854009, 18.00,20220209 1000, 0.5, 1
4854009, 18.00,20220209 1100, 0.0, 1
4854009, 18.00,20220209 1200, 0.0, 1
4854009, 18.00,20220209 1300, 0.0, 1
4854009, 18.00,20220209 1400, 0.0, 1
4854009, 18.00,20220209 1500, 0.0, 1
4854009, 18.00,20220209 1600, 0.0, 1
4854009, 18.00,20220209 1700, 0.0, 1
4854009, 18.00,20220209 1800, 0.0, 1
4854009, 18.00,20220209 1900, 0.0, 1
4854009, 18.00,20220209 2000, 0.0, 1
4854009, 18.00,20220209 2100, 0.0, 1
4854009, 18.00,20220209 2200, 0.0, 1
4854009, 18.00,20220209 2300, 0.0, 1
4854009, 18.00,20220210 0000, 0.0, 1
4854009, 18.00,20220210 0100, 0.0, 1
4854009, 18.00,20220210 0200, 0.0, 1
4854009, 18.00,20220210 0300, 0.0, 1
4854009, 18.00,20220210 0400, 0.0, 1
4854009, 18.00,20220210 0500, 0.0, 1
4854009, 18.00,20220210 0600, 0.0, 1
4854009, 18.00,20220210 0700, 0.0, 1
4854009, 18.00,20220210 0800, 0.0, 1
4854009, 18.00,20220210 0900, 0.0, 1
4854009, 18.00,20220210 1000, 0.0, 1
4854009, 18.00,20220210 1100, 0.0, 1
4854009, 18.00,20220210 1200, 0.0, 1
4854009, 18.00,20220210 1300, 0.0, 1
4854009, 18.00,20220210 1400, 0.0, 1
4854009, 18.00,20220210 1500, 2.0, 1
4854009, 18.00,20220210 1600, 1.0, 1
4854009, 18.00,20220210 1700, 7.5, 1
4854009, 18.00,20220210 1800, 2.5, 1
4854009, 18.00,20220210 1900, 0.5, 1
4854009, 18.00,20220210 2000, 0.0, 1
4854009, 18.00,20220210 2100, 0.0, 1
4854009, 18.00,20220210 2200, 0.0, 1
4854009, 18.00,20220210 2300, 0.0, 1
4854009, 18.00,20220211 0000, 0.0, 1
4854009, 18.00,20220211 0100, 0.0, 1
4854009, 18.00,20220211 0200, 0.0, 1
4854009, 18.00,20220211 0300, 0.0, 1
4854009, 18.00,20220211 0400, 0.5, 1
4854009, 18.00,20220211 0500, 0.5, 1
4854009, 18.00,20220211 0600, 0.0, 1
4854009, 18.00,20220211 0700, 0.0, 1
4854009, 18.00,20220211 0800, 0.0, 1
4854009, 18.00,20220211 0900, 0.0, 1
4854009, 18.00,20220211 1000, 0.0, 1
4854009, 18.00,20220211 1100, 0.0, 1
4854009, 18.00,20220211 1200, 0.0, 1
4854009, 18.00,20220211 1300, 0.0, 1
4854009, 18.00,20220211 1400, 0.0, 1
4854009, 18.00,20220211 1500, 0.0, 1
4854009, 18.00,20220211 1600, 0.0, 1
4854009, 18.00,20220211 1700, 2.0, 1
4854009, 18.00,20220211 1800, 1.5, 1
4854009, 18.00,20220211 1900, 0.0, 1
4854009, 18.00,20220211 2000, 0.0, 1
4854009, 18.00,20220211 2100, 0.0, 1
4854009, 18.00,20220211 2200, 0.5, 1
4854009, 18.00,20220211 2300, 0.0, 1
4854009, 18.00,20220212 0000, 0.0, 1
4854009, 18.00,20220212 0100, 1.0, 1
4854009, 18.00,20220212 0200, 0.0, 1
4854009, 18.00,20220212 0300, 0.0, 1
4854009, 18.00,20220212 0400, 0.0, 1
4854009, 18.00,20220212 0500, 0.0, 1
4854009, 18.00,20220212 0600, 0.0, 1
4854009, 18.00,20220212 0700, 0.0, 1
4854009, 18.00,20220212 0800, 0.0, 1
4854009, 18.00,20220212 0900, 0.0, 1
4854009, 18.00,20220212 1000, 0.0, 1
4854009, 18.00,20220212 1100, 0.0, 1
4854009, 18.00,20220212 1200, 0.0, 1
4854009, 18.00,20220212 1300, 0.5, 1
4854009, 18.00,20220212 1400, 1.0, 1
4854009, 18.00,20220212 1500, 0.0, 1
4854009, 18.00,20220212 1600, 0.0, 1
4854009, 18.00,20220212 1700, 0.0, 1
4854009, 18.00,20220212 1800, 0.0, 1
4854009, 18.00,20220212 1900, 0.0, 1
4854009, 18.00,20220212 2000, 14.0, 1
4854009, 18.00,20220212 2100, 11.0, 1
4854009, 18.00,20220212 2200, 4.5, 1
4854009, 18.00,20220212 2300, 7.0, 1
4854009, 18.00,20220213 0000, 9.5, 1
4854009, 18.00,20220213 0100, 4.5, 1
4854009, 18.00,20220213 0200, 0.5, 1
4854009, 18.00,20220213 0300, 0.5, 1
4854009, 18.00,20220213 0400, 0.5, 1
4854009, 18.00,20220213 0500, 0.0, 1
4854009, 18.00,20220213 0600, 0.0, 1
4854009, 18.00,20220213 0700, 0.0, 1
4854009, 18.00,20220213 0800, 0.0, 1
4854009, 18.00,20220213 0900, 0.0, 1
4854009, 18.00,20220213 1000, 0.0, 1
4854009, 18.00,20220213 1100, 0.0, 1
4854009, 18.00,20220213 1200, 0.0, 1
4854009, 18.00,20220213 1300, 0.0, 1
4854009, 18.00,20220213 1400, 0.0, 1
4854009, 18.00,20220213 1500, 0.5, 1
4854009, 18.00,20220213 1600, 0.0, 1
4854009, 18.00,20220213 1700, 0.0, 1
4854009, 18.00,20220213 1800, 0.0, 1
4854009, 18.00,20220213 1900, 0.0, 1
4854009, 18.00,20220213 2000, 0.0, 1
4854009, 18.00,20220213 2100, 0.0, 1
4854009, 18.00,20220213 2200, 0.0, 1
4854009, 18.00,20220213 2300, 0.0, 1
4854009, 18.00,20220214 0000, 0.0, 1
4854009, 18.00,20220214 0100, 0.0, 1
4854009, 18.00,20220214 0200, 0.0, 1
4854009, 18.00,20220214 0300, 0.0, 1
4854009, 18.00,20220214 0400, 0.0, 1
4854009, 18.00,20220214 0500, 0.0, 1
4854009, 18.00,20220214 0600, 0.0, 1
4854009, 18.00,20220214 0700, 0.0, 1
4854009, 18.00,20220214 0800, 0.0, 1
4854009, 18.00,20220214 0900, 0.0, 1
4854009, 18.00,20220214 1000, 0.0, 1
4854009, 18.00,20220214 1100, 0.0, 1
4854009, 18.00,20220214 1200, 0.0, 1
4854009, 18.00,20220214 1300, 0.0, 1
4854009, 18.00,20220214 1400, 0.0, 1
4854009, 18.00,20220214 1500, 0.0, 1
4854009, 18.00,20220214 1600, 0.0, 1
4854009, 18.00,20220214 1700, 0.0, 1
4854009, 18.00,20220214 1800, 0.0, 1
4854009, 18.00,20220214 1900, 0.0, 1
4854009, 18.00,20220214 2000, 0.0, 1
4854009, 18.00,20220214 2100, 0.0, 1
4854009, 18.00,20220214 2200, 0.0, 1
4854009, 18.00,20220214 2300, 0.0, 1
4854009, 18.00,20220215 0000, 0.0, 1
4854009, 18.00,20220215 0100, 0.0, 1
4854009, 18.00,20220215 0200, 0.0, 1
4854009, 18.00,20220215 0300, 0.0, 1
4854009, 18.00,20220215 0400, 0.0, 1
4854009, 18.00,20220215 0500, 0.0, 1
4854009, 18.00,20220215 0600, 0.0, 1
4854009, 18.00,20220215 0700, 0.0, 1
4854009, 18.00,20220215 0800, 0.0, 1
4854009, 18.00,20220215 0900, 0.0, 1
4854009, 18.00,20220215 1000, 0.0, 1
4854009, 18.00,20220215 1100, 0.0, 1
4854009, 18.00,20220215 1200, 0.0, 1
4854009, 18.00,20220215 1300, 0.0, 1
4854009, 18.00,20220215 1400, 0.0, 1
4854009, 18.00,20220215 1500, 2.0, 1
4854009, 18.00,20220215 1600, 30.0, 1
4854009, 18.00,20220215 1700, 31.5, 1
4854009, 18.00,20220215 1800, 2.0, 1
4854009, 18.00,20220215 1900, 0.0, 1
4854009, 18.00,20220215 2000, 0.0, 1
4854009, 18.00,20220215 2100, 0.0, 1
4854009, 18.00,20220215 2200, 0.0, 1
4854009, 18.00,20220215 2300, 0.0, 1
4854009, 18.00,20220216 0000, 0.5, 1
4854009, 18.00,20220216 0100, 0.5, 1
4854009, 18.00,20220216 0200, 0.0, 1
4854009, 18.00,20220216 0300, 0.0, 1
4854009, 18.00,20220216 0400, 0.0, 1
4854009, 18.00,20220216 0500, 0.0, 1
4854009, 18.00,20220216 0600, 0.0, 1
4854009, 18.00,20220216 0700, 0.0, 1
4854009, 18.00,20220216 0800, 0.0, 1
4854009, 18.00,20220216 0900, 0.0, 1
4854009, 18.00,20220216 1000, 0.0, 1
4854009, 18.00,20220216 1100, 0.0, 1
4854009, 18.00,20220216 1200, 0.0, 1
4854009, 18.00,20220216 1300, 0.0, 1
4854009, 18.00,20220216 1400, 0.0, 1
4854009, 18.00,20220216 1500, 0.0, 1
4854009, 18.00,20220216 1600, 0.0, 1
4854009, 18.00,20220216 1700, 0.0, 1
4854009, 18.00,20220216 1800, 0.0, 1
4854009, 18.00,20220216 1900, 0.0, 1
4854009, 18.00,20220216 2000, 0.0, 1
4854009, 18.00,20220216 2100, 0.0, 1
4854009, 18.00,20220216 2200, 0.0, 1
4854009, 18.00,20220216 2300, 0.0, 1
4854009, 18.00,20220217 0000, 0.0, 1
4854009, 18.00,20220217 0100, 0.0, 1
4854009, 18.00,20220217 0200, 0.0, 1
4854009, 18.00,20220217 0300, 0.0, 1
4854009, 18.00,20220217 0400, 0.0, 1
4854009, 18.00,20220217 0500, 0.0, 1
4854009, 18.00,20220217 0600, 0.0, 1
4854009, 18.00,20220217 0700, 0.0, 1
4854009, 18.00,20220217 0800, 0.0, 1
4854009, 18.00,20220217 0900, 0.0, 1
4854009, 18.00,20220217 1000, 0.0, 1
4854009, 18.00,20220217 1100, 0.0, 1
4854009, 18.00,20220217 1200, 0.0, 1
4854009, 18.00,20220217 1300, 0.0, 1
4854009, 18.00,20220217 1400, 0.0, 1
4854009, 18.00,20220217 1500, 0.0, 1
4854009, 18.00,20220217 1600, 0.0, 1
4854009, 18.00,20220217 1700, 0.0, 1
4854009, 18.00,20220217 1800, 0.0, 1
4854009, 18.00,20220217 1900, 0.0, 1
4854009, 18.00,20220217 2000, 0.0, 1
4854009, 18.00,20220217 2100, 0.0, 1
4854009, 18.00,20220217 2200, 0.0, 1
4854009, 18.00,20220217 2300, 0.0, 1
4854009, 18.00,20220218 0000, 0.0, 1
4854009, 18.00,20220218 0100, 0.0, 1
4854009, 18.00,20220218 0200, 0.0, 1
4854009, 18.00,20220218 0300, 0.0, 1
4854009, 18.00,20220218 0400, 0.0, 1
4854009, 18.00,20220218 0500, 0.0, 1
4854009, 18.00,20220218 0600, 0.0, 1
4854009, 18.00,20220218 0700, 0.0, 1
4854009, 18.00,20220218 0800, 0.0, 1
4854009, 18.00,20220218 0900, 0.0, 1
4854009, 18.00,20220218 1000, 0.0, 1
4854009, 18.00,20220218 1100, 0.0, 1
4854009, 18.00,20220218 1200, 0.0, 1
4854009, 18.00,20220218 1300, 0.0, 1
4854009, 18.00,20220218 1400, 0.0, 1
4854009, 18.00,20220218 1500, 0.0, 1
4854009, 18.00,20220218 1600, 0.0, 1
4854009, 18.00,20220218 1700, 0.0, 1
4854009, 18.00,20220218 1800, 0.0, 1
4854009, 18.00,20220218 1900, 0.0, 1
4854009, 18.00,20220218 2000, 0.0, 1
4854009, 18.00,20220218 2100, 0.0, 1
4854009, 18.00,20220218 2200, 0.0, 1
4854009, 18.00,20220218 2300, 0.0, 1
4854009, 18.00,20220219 0000, 0.0, 1
4854009, 18.00,20220219 0100, 0.0, 1
4854009, 18.00,20220219 0200, 0.0, 1
4854009, 18.00,20220219 0300, 0.0, 1
4854009, 18.00,20220219 0400, 0.0, 1
4854009, 18.00,20220219 0500, 0.0, 1
4854009, 18.00,20220219 0600, 0.0, 1
4854009, 18.00,20220219 0700, 0.0, 1
4854009, 18.00,20220219 0800, 0.0, 1
4854009, 18.00,20220219 0900, 0.0, 1
4854009, 18.00,20220219 1000, 0.0, 1
4854009, 18.00,20220219 1100, 0.0, 1
4854009, 18.00,20220219 1200, 0.0, 1
4854009, 18.00,20220219 1300, 0.0, 1
4854009, 18.00,20220219 1400, 0.0, 1
4854009, 18.00,20220219 1500, 0.0, 1
4854009, 18.00,20220219 1600, 11.0, 1
4854009, 18.00,20220219 1700, 11.5, 1
4854009, 18.00,20220219 1800, 0.5, 1
4854009, 18.00,20220219 1900, 0.0, 1
4854009, 18.00,20220219 2000, 6.0, 1
4854009, 18.00,20220219 2100, 20.0, 1
4854009, 18.00,20220219 2200, 0.0, 1
4854009, 18.00,20220219 2300, 2.5, 1
4854009, 18.00,20220220 0000, 3.0, 1
4854009, 18.00,20220220 0100, 4.5, 1
4854009, 18.00,20220220 0200, 5.5, 1
4854009, 18.00,20220220 0300, 2.5, 1
4854009, 18.00,20220220 0400, 0.5, 1
4854009, 18.00,20220220 0500, 0.5, 1
4854009, 18.00,20220220 0600, 0.0, 1
4854009, 18.00,20220220 0700, 0.0, 1
4854009, 18.00,20220220 0800, 0.0, 1
4854009, 18.00,20220220 0900, 0.0, 1
4854009, 18.00,20220220 1000, 0.0, 1
4854009, 18.00,20220220 1100, 0.0, 1
4854009, 18.00,20220220 1200, 0.0, 1
4854009, 18.00,20220220 1300, 0.5, 1
4854009, 18.00,20220220 1400, 0.0, 1
4854009, 18.00,20220220 1500, 7.5, 1
4854009, 18.00,20220220 1600, 0.0, 1
4854009, 18.00,20220220 1700, 0.0, 1
4854009, 18.00,20220220 1800, 0.0, 1
4854009, 18.00,20220220 1900, 3.5, 1
4854009, 18.00,20220220: 2000, 6.5, 1
4854009, 18.00,20220220 2100, 1.0, 1
4854009, 18.00,20220220 2200, 2.5, 1
4854009, 18.00,20220220 2300, 0.5, 1
4854009, 18.00,20220221 0000, 0.0, 1
4854009, 18.00,20220221 0100, 0.0, 1
4854009, 18.00,20220221 0200, 0.0, 1
4854009, 18.00,20220221 0300, 0.0, 1
4854009, 18.00,20220221 0400, 0.0, 1
4854009, 18.00,20220221 0500, 0.0, 1
4854009, 18.00,20220221 0600, 0.5, 1
4854009, 18.00,20220221 0700, 0.0, 1
4854009, 18.00,20220221 0800, 0.0, 1
4854009, 18.00,20220221 0900, 0.0, 1
4854009, 18.00,20220221 1000, 0.0, 1
4854009, 18.00,20220221 1100, 0.0, 1
4854009, 18.00,20220221 1200, 0.0, 1
4854009, 18.00,20220221 1300, 0.0, 1
4854009, 18.00,20220221 1400, 0.0, 1
4854009, 18.00,20220221 1500, 0.0, 1
4854009, 18.00,20220221 1600, 0.0, 1
4854009, 18.00,20220221 1700, 0.0, 1
4854009, 18.00,20220221 1800, 0.0, 1
4854009, 18.00,20220221 1900, 0.0, 1
4854009, 18.00,20220221 2000, 0.0, 1
4854009, 18.00,20220221 2100, 0.0, 1
4854009, 18.00,20220221 2200, 0.0, 1
4854009, 18.00,20220221 2300, 0.0, 1
4854009, 18.00,20220222 0000, 0.0, 1
4854009, 18.00,20220222 0100, 0.0, 1
4854009, 18.00,20220222 0200, 0.0, 1
4854009, 18.00,20220222 0300, 0.0, 1
4854009, 18.00,20220222 0400, 0.0, 1
4854009, 18.00,20220222 0500, 0.0, 1
4854009, 18.00,20220222 0600, 0.0, 1
4854009, 18.00,20220222 0700, 0.0, 1
4854009, 18.00,20220222 0800, 0.0, 1
4854009, 18.00,20220222 0900, 0.0, 1
4854009, 18.00,20220222 1000, 0.0, 1
4854009, 18.00,20220222 1100, 0.0, 1
4854009, 18.00,20220222 1200, 0.0, 1
4854009, 18.00,20220222 1300, 0.0, 1
4854009, 18.00,20220222 1400, 0.0, 1
4854009, 18.00,20220222 1500, 0.0, 1
4854009, 18.00,20220222 1600, 0.0, 1
4854009, 18.00,20220222 1700, 0.0, 1
4854009, 18.00,20220222 1800, 0.0, 1
4854009, 18.00,20220222 1900, 0.0, 1
4854009, 18.00,20220222 2000, 0.0, 1
4854009, 18.00,20220222 2100, 0.0, 1
4854009, 18.00,20220222 2200, 0.0, 1
4854009, 18.00,20220222 2300, 0.0, 1
4854009, 18.00,20220223 0000, 0.0, 1
4854009, 18.00,20220223 0100, 0.0, 1
4854009, 18.00,20220223 0200, 0.0, 1
4854009, 18.00,20220223 0300, 0.0, 1
4854009, 18.00,20220223 0400, 0.0, 1
4854009, 18.00,20220223 0500, 0.0, 1
4854009, 18.00,20220223 0600, 0.0, 1
4854009, 18.00,20220223 0700, 0.0, 1
4854009, 18.00,20220223 0800, 0.0, 1
4854009, 18.00,20220223 0900, 0.0, 1
4854009, 18.00,20220223 1000, 0.0, 1
4854009, 18.00,20220223 1100, 0.0, 1
4854009, 18.00,20220223 1200, 0.0, 1
4854009, 18.00,20220223 1300, 0.0, 1
4854009, 18.00,20220223 1400, 0.0, 1
4854009, 18.00,20220223 1500, 0.0, 1
4854009, 18.00,20220223 1600, 0.0, 1
4854009, 18.00,20220223 1700, 0.0, 1
4854009, 18.00,20220223 1800, 2.5, 1
4854009, 18.00,20220223 1900, 0.5, 1
4854009, 18.00,20220223 2000, 0.5, 1
4854009, 18.00,20220223 2100, 0.0, 1
4854009, 18.00,20220223 2200, 0.0, 1
4854009, 18.00,20220223 2300, 0.0, 1
4854009, 18.00,20220224 0000, 0.0, 1
4854009, 18.00,20220224 0100, 0.0, 1
4854009, 18.00,20220224 0200, 0.0, 1
4854009, 18.00,20220224 0300, 0.0, 1
4854009, 18.00,20220224 0400, 0.0, 1
4854009, 18.00,20220224 0500, 0.0, 1
4854009, 18.00,20220224 0600, 0.0, 1
4854009, 18.00,20220224 0700, 0.0, 1
4854009, 18.00,20220224 0800, 0.0, 1
4854009, 18.00,20220224 0900, 0.0, 1
4854009, 18.00,20220224 1000, 0.0, 1
4854009, 18.00,20220224 1100, 0.0, 1
4854009, 18.00,20220224 1200, 0.0, 1
4854009, 18.00,20220224 1300, 0.0, 1
4854009, 18.00,20220224 1400, 0.0, 1
4854009, 18.00,20220224 1500, 0.0, 1
4854009, 18.00,20220224 1600, 0.0, 1
4854009, 18.00,20220224 1700, 0.0, 1
4854009, 18.00,20220224 1800, 1.0, 1
4854009, 18.00,20220224 1900, 0.0, 1
4854009, 18.00,20220224 2000, 0.0, 1
4854009, 18.00,20220224 2100, 0.0, 1
4854009, 18.00,20220224 2200, 0.0, 1
4854009, 18.00,20220224 2300, 0.0, 1
4854009, 18.00,20220225 0000, 0.0, 1
4854009, 18.00,20220225 0100, 0.0, 1
4854009, 18.00,20220225 0200, 0.0, 1
4854009, 18.00,20220225 0300, 0.0, 1
4854009, 18.00,20220225 0400, 0.0, 1
4854009, 18.00,20220225 0500, 0.0, 1
4854009, 18.00,20220225 0600, 0.0, 1
4854009, 18.00,20220225 0700, 0.0, 1
4854009, 18.00,20220225 0800, 0.0, 1
4854009, 18.00,20220225 0900, 0.0, 1
4854009, 18.00,20220225 1000, 0.0, 1
4854009, 18.00,20220225 1100, 0.0, 1
4854009, 18.00,20220225 1200, 0.0, 1
4854009, 18.00,20220225 1300, 0.0, 1
4854009, 18.00,20220225 1400, 0.0, 1
4854009, 18.00,20220225 1500, 3.0, 1
4854009, 18.00,20220225 1600, 10.5, 1
4854009, 18.00,20220225 1700, 5.0, 1
4854009, 18.00,20220225 1800, 0.0, 1
4854009, 18.00,20220225 1900, 0.0, 1
4854009, 18.00,20220225 2000, 0.0, 1
4854009, 18.00,20220225 2100, 0.0, 1
4854009, 18.00,20220225 2200, 0.0, 1
4854009, 18.00,20220225 2300, 0.0, 1
4854009, 18.00,20220226 0000, 0.0, 1
4854009, 18.00,20220226 0100, 0.0, 1
4854009, 18.00,20220226 0200, 0.0, 1
4854009, 18.00,20220226 0300, 0.0, 1
4854009, 18.00,20220226 0400, 0.0, 1
4854009, 18.00,20220226 0500, 0.0, 1
4854009, 18.00,20220226 0600, 0.0, 1
4854009, 18.00,20220226 0700, 0.0, 1
4854009, 18.00,20220226 0800, 0.0, 1
4854009, 18.00,20220226 0900, 0.0, 1
4854009, 18.00,20220226 1000, 0.0, 1
4854009, 18.00,20220226 1100, 0.0, 1
4854009, 18.00,20220226 1200, 0.0, 1
4854009, 18.00,20220226 1300, 0.0, 1
4854009, 18.00,20220226 1400, 0.0, 1
4854009, 18.00,20220226 1500, 0.0, 1
4854009, 18.00,20220226 1600, 0.0, 1
4854009, 18.00,20220226 1700, 0.0, 1
4854009, 18.00,20220226 1800, 0.0, 1
4854009, 18.00,20220226 1900, 0.0, 1
4854009, 18.00,20220226 2000, 0.0, 1
4854009, 18.00,20220226 2100, 0.0, 1
4854009, 18.00,20220226 2200, 0.0, 1
4854009, 18.00,20220226 2300, 0.0, 1
4854009, 18.00,20220227 0000, 0.0, 1
4854009, 18.00,20220227 0100, 0.0, 1
4854009, 18.00,20220227 0200, 0.0, 1
4854009, 18.00,20220227 0300, 0.0, 1
4854009, 18.00,20220227 0400, 0.0, 1
4854009, 18.00,20220227 0500, 0.0, 1
4854009, 18.00,20220227 0600, 0.0, 1
4854009, 18.00,20220227 0700, 0.0, 1
4854009, 18.00,20220227 0800, 0.0, 1
4854009, 18.00,20220227 0900, 0.0, 1
4854009, 18.00,20220227 1000, 0.0, 1
4854009, 18.00,20220227 1100, 0.0, 1
4854009, 18.00,20220227 1200, 0.0, 1
4854009, 18.00,20220227 1300, 0.0, 1
4854009, 18.00,20220227 1400, 0.0, 1
4854009, 18.00,20220227 1500, 0.0, 1
4854009, 18.00,20220227 1600, 0.0, 1
4854009, 18.00,20220227 1700, 4.5, 1
4854009, 18.00,20220227 1800, 0.5, 1
4854009, 18.00,20220227 1900, 0.0, 1
4854009, 18.00,20220227 2000, 0.0, 1
4854009, 18.00,20220227 2100, 0.0, 1
4854009, 18.00,20220227 2200, 0.0, 1
4854009, 18.00,20220227 2300, 0.0, 1
4854009, 18.00,20220228 0000, 0.0, 1
4854009, 18.00,20220228 0100, 0.0, 1
4854009, 18.00,20220228 0200, 0.0, 1
4854009, 18.00,20220228 0300, 0.0, 1
4854009, 18.00,20220228 0400, 0.0, 1
4854009, 18.00,20220228 0500, 0.0, 1
4854009, 18.00,20220228 0600, 0.0, 1
4854009, 18.00,20220228 0700, 0.0, 1
4854009, 18.00,20220228 0800, 0.0, 1
4854009, 18.00,20220228 0900, 0.0, 1
4854009, 18.00,20220228 1000, 0.5, 1
4854009, 18.00,20220228 1100, 0.0, 1
4854009, 18.00,20220228 1200, 0.0, 1
4854009, 18.00,20220228 1300, 0.0, 1
4854009, 18.00,20220228 1400, 0.0, 1
4854009, 18.00,20220228 1500, 0.0, 1
4854009, 18.00,20220228 1600, 0.0, 1
4854009, 18.00,20220228 1700, 0.0, 1
4854009, 18.00,20220228 1800, 0.0, 1
4854009, 18.00,20220228 1900, 0.0, 1
4854009, 18.00,20220228 2000, 0.0, 1
4854009, 18.00,20220228 2100, 0.0, 1
4854009, 18.00,20220228 2200, 0.0, 1
4854009, 18.00,20220228 2300, 0.0, 1
4854009, 18.00,20220301 0000, 0.0, 1
4854009, 18.00,20220301 0100, 0.0, 1
4854009, 18.00,20220301 0200, 0.0, 1
4854009, 18.00,20220301 0300, 0.0, 1
4854009, 18.00,20220301 0400, 0.0, 1
4854009, 18.00,20220301 0500, 0.0, 1
4854009, 18.00,20220301 0600, 0.0, 1
4854009, 18.00,20220301 0700, 0.0, 1
4854009, 18.00,20220301 0800, 0.0, 1
4854009, 18.00,20220301 0900, 0.0, 1
4854009, 18.00,20220301 1000, 0.0, 1
4854009, 18.00,20220301 1100, 0.0, 1
4854009, 18.00,20220301 1200, 0.0, 1
4854009, 18.00,20220301 1300, 0.5, 1
4854009, 18.00,20220301 1400, 8.0, 1
4854009, 18.00,20220301 1500, 7.0, 1
4854009, 18.00,20220301 1600, 7.5, 1
4854009, 18.00,20220301 1700, 0.0, 1
4854009, 18.00,20220301 1800, 0.5, 1
4854009, 18.00,20220301 1900, 0.0, 1
4854009, 18.00,20220301 2000, 0.0, 1
4854009, 18.00,20220301 2100, 0.0, 1
4854009, 18.00,20220301 2200, 0.5, 1
4854009, 18.00,20220301 2300, 0.0, 1
4854009, 18.00,20220302 0000, 0.0, 1
4854009, 18.00,20220302 0100, 0.0, 1
4854009, 18.00,20220302 0200, 0.0, 1
4854009, 18.00,20220302 0300, 0.0, 1
4854009, 18.00,20220302 0400, 0.0, 1
4854009, 18.00,20220302 0500, 0.0, 1
4854009, 18.00,20220302 0600, 0.0, 1
4854009, 18.00,20220302 0700, 0.0, 1
4854009, 18.00,20220302 0800, 0.0, 1
4854009, 18.00,20220302 0900, 0.0, 1
4854009, 18.00,20220302 1000, 0.0, 1
4854009, 18.00,20220302 1100, 0.0, 1
4854009, 18.00,20220302 1200, 0.0, 1
4854009, 18.00,20220302 1300, 0.0, 1
4854009, 18.00,20220302 1400, 0.5, 1
4854009, 18.00,20220302 1500, 0.0, 1
4854009, 18.00,20220302 1600, 0.5, 1
4854009, 18.00,20220302 1700, 2.0, 1
4854009, 18.00,20220302 1800, 0.5, 1
4854009, 18.00,20220302 1900, 0.0, 1
4854009, 18.00,20220302 2000, 0.0, 1
4854009, 18.00,20220302 2100, 0.0, 1
4854009, 18.00,20220302 2200, 0.0, 1
4854009, 18.00,20220302 2300, 0.0, 1
4854009, 18.00,20220303 0000, 0.0, 1
4854009, 18.00,20220303 0100, 0.0, 1
4854009, 18.00,20220303 0200, 0.0, 1
4854009, 18.00,20220303 0300, 0.0, 1
4854009, 18.00,20220303 0400, 0.0, 1
4854009, 18.00,20220303 0500, 0.0, 1
4854009, 18.00,20220303 0600, 0.0, 1
4854009, 18.00,20220303 0700, 0.0, 1
4854009, 18.00,20220303 0800, 0.0, 1
4854009, 18.00,20220303 0900, 0.0, 1
4854009, 18.00,20220303 1000, 0.0, 1
4854009, 18.00,20220303 1100, 0.0, 1
4854009, 18.00,20220303 1200, 0.0, 1
4854009, 18.00,20220303 1300, 0.0, 1
4854009, 18.00,20220303 1400, 0.0, 1
4854009, 18.00,20220303 1500, 0.0, 1
4854009, 18.00,20220303 1600, 0.0, 1
4854009, 18.00,20220303 1700, 0.0, 1
4854009, 18.00,20220303 1800, 0.0, 1
4854009, 18.00,20220303 1900, 0.0, 1
4854009, 18.00,20220303 2000, 0.0, 1
4854009, 18.00,20220303 2100, 0.0, 1
4854009, 18.00,20220303 2200, 0.0, 1
4854009, 18.00,20220303 2300, 0.0, 1
4854009, 18.00,20220304 0000, 0.0, 1
4854009, 18.00,20220304 0100, 0.0, 1
4854009, 18.00,20220304 0200, 0.0, 1
4854009, 18.00,20220304 0300, 0.0, 1
4854009, 18.00,20220304 0400, 0.0, 1
4854009, 18.00,20220304 0500, 0.0, 1
4854009, 18.00,20220304 0600, 0.0, 1
4854009, 18.00,20220304 0700, 0.0, 1
4854009, 18.00,20220304 0800, 0.0, 1
4854009, 18.00,20220304 0900, 0.0, 1
4854009, 18.00,20220304 1000, 0.0, 1
4854009, 18.00,20220304 1100, 0.0, 1
4854009, 18.00,20220304 1200, 0.0, 1
4854009, 18.00,20220304 1300, 0.0, 1
4854009, 18.00,20220304 1400, 0.0, 1
4854009, 18.00,20220304 1500, 0.0, 1
4854009, 18.00,20220304 1600, 0.0, 1
4854009, 18.00,20220304 1700, 0.0, 1
4854009, 18.00,20220304 1800, 0.0, 1
4854009, 18.00,20220304 1900, 0.0, 1
4854009, 18.00,20220304 2000, 0.0, 1
4854009, 18.00,20220304 2100, 0.0, 1
4854009, 18.00,20220304 2200, 0.0, 1
4854009, 18.00,20220304 2300, 0.0, 1
4854009, 18.00,20220305 0000, 0.0, 1
4854009, 18.00,20220305 0100, 0.0, 1
4854009, 18.00,20220305 0200, 0.0, 1
4854009, 18.00,20220305 0300, 0.0, 1
4854009, 18.00,20220305 0400, 0.0, 1
4854009, 18.00,20220305 0500, 0.0, 1
4854009, 18.00,20220305 0600, 0.0, 1
4854009, 18.00,20220305 0700, 0.0, 1
4854009, 18.00,20220305 0800, 0.0, 1
4854009, 18.00,20220305 0900, 0.0, 1
4854009, 18.00,20220305 1000, 0.0, 1
4854009, 18.00,20220305 1100, 0.0, 1
4854009, 18.00,20220305 1200, 0.0, 1
4854009, 18.00,20220305 1300, 0.0, 1
4854009, 18.00,20220305 1400, 4.0, 1
4854009, 18.00,20220305 1500, 9.5, 1
4854009, 18.00,20220305 1600, 4.5, 1
4854009, 18.00,20220305 1700, 22.0, 1
4854009, 18.00,20220305 1800, 93.0, 1
4854009, 18.00,20220305 1900, 34.5, 1
4854009, 18.00,20220305 2000, 1.5, 1
4854009, 18.00,20220305 2100, 0.5, 1
4854009, 18.00,20220305 2200, 1.0, 1
4854009, 18.00,20220305 2300, 0.5, 1
4854009, 18.00,20220306 0000, 0.5, 1
4854009, 18.00,20220306 0100, 0.0, 1
4854009, 18.00,20220306 0200, 0.0, 1
4854009, 18.00,20220306 0300, 0.0, 1
4854009, 18.00,20220306 0400, 0.0, 1
4854009, 18.00,20220306 0500, 0.0, 1
4854009, 18.00,20220306 0600, 0.0, 1
4854009, 18.00,20220306 0700, 0.0, 1
4854009, 18.00,20220306 0800, 0.0, 1
4854009, 18.00,20220306 0900, 0.0, 1
4854009, 18.00,20220306 1000, 0.0, 1
4854009, 18.00,20220306 1100, 0.0, 1
4854009, 18.00,20220306 1200, 0.0, 1
4854009, 18.00,20220306 1300, 0.0, 1
4854009, 18.00,20220306 1400, 0.0, 1
4854009, 18.00,20220306 1500, 0.0, 1
4854009, 18.00,20220306 1600, 0.0, 1
4854009, 18.00,20220306 1700, 0.0, 1
4854009, 18.00,20220306 1800, 0.0, 1
4854009, 18.00,20220306 1900, 0.0, 1
4854009, 18.00,20220306 2000, 0.0, 1
4854009, 18.00,20220306 2100, 0.0, 1
4854009, 18.00,20220306 2200, 0.0, 1
4854009, 18.00,20220306 2300, 0.0, 1
4854009, 18.00,20220307 0000, 0.0, 1
4854009, 18.00,20220307 0100, 0.0, 1
4854009, 18.00,20220307 0200, 0.0, 1
4854009, 18.00,20220307 0300, 0.0, 1
4854009, 18.00,20220307 0400, 0.0, 1
4854009, 18.00,20220307 0500, 0.0, 1
4854009, 18.00,20220307 0600, 0.0, 1
4854009, 18.00,20220307 0700, 0.0, 1
4854009, 18.00,20220307 0800, 0.0, 1
4854009, 18.00,20220307 0900, 0.0, 1
4854009, 18.00,20220307 1000, 0.0, 1
4854009, 18.00,20220307 1100, 0.0, 1
4854009, 18.00,20220307 1200, 0.0, 1
4854009, 18.00,20220307 1300, 0.0, 1
4854009, 18.00,20220307 1400, 0.0, 1
4854009, 18.00,20220307 1500, 0.0, 1
4854009, 18.00,20220307 1600, 0.0, 1
4854009, 18.00,20220307 1700, 0.0, 1
4854009, 18.00,20220307 1800, 0.0, 1
4854009, 18.00,20220307 1900, 0.0, 1
4854009, 18.00,20220307 2000, 0.0, 1
4854009, 18.00,20220307 2100, 0.0, 1
4854009, 18.00,20220307 2200, 0.0, 1
4854009, 18.00,20220307 2300, 0.0, 1
4854009, 18.00,20220308 0000, 0.0, 1
4854009, 18.00,20220308 0100, 0.0, 1
4854009, 18.00,20220308 0200, 0.0, 1
4854009, 18.00,20220308 0300, 0.0, 1
4854009, 18.00,20220308 0400, 0.0, 1
4854009, 18.00,20220308 0500, 0.0, 1
4854009, 18.00,20220308 0600, 0.0, 1
4854009, 18.00,20220308 0700, 0.0, 1
4854009, 18.00,20220308 0800, 0.0, 1
4854009, 18.00,20220308 0900, 0.5, 1
4854009, 18.00,20220308 1000, 9.5, 1
4854009, 18.00,20220308 1100, 0.0, 1
4854009, 18.00,20220308 1200, 0.0, 1
4854009, 18.00,20220308 1300, 0.0, 1
4854009, 18.00,20220308 1400, 0.0, 1
4854009, 18.00,20220308 1500, 0.0, 1
4854009, 18.00,20220308 1600, 0.0, 1
4854009, 18.00,20220308 1700, 0.0, 1
4854009, 18.00,20220308 1800, 0.0, 1
4854009, 18.00,20220308 1900, 0.0, 1
4854009, 18.00,20220308 2000, 0.0, 1
4854009, 18.00,20220308 2100, 0.0, 1
4854009, 18.00,20220308 2200, 0.0, 1
4854009, 18.00,20220308 2300, 0.5, 1
4854009, 18.00,20220309 0000, 0.0, 1
4854009, 18.00,20220309 0100, 0.0, 1
4854009, 18.00,20220309 0200, 0.0, 1
4854009, 18.00,20220309 0300, 0.0, 1
4854009, 18.00,20220309 0400, 0.0, 1
4854009, 18.00,20220309 0500, 0.0, 1
4854009, 18.00,20220309 0600, 0.0, 1
4854009, 18.00,20220309 0700, 0.0, 1
4854009, 18.00,20220309 0800, 0.0, 1
4854009, 18.00,20220309 0900, 0.0, 1
4854009, 18.00,20220309 1000, 0.0, 1
4854009, 18.00,20220309 1100, 0.0, 1
4854009, 18.00,20220309 1200, 0.0, 1
4854009, 18.00,20220309 1300, 0.0, 1
4854009, 18.00,20220309 1400, 0.0, 1
4854009, 18.00,20220309 1500, 0.0, 1
4854009, 18.00,20220309 1600, 0.0, 1
4854009, 18.00,20220309 1700, 0.0, 1
4854009, 18.00,20220309 1800, 0.0, 1
4854009, 18.00,20220309 1900, 0.0, 1
4854009, 18.00,20220309 2000, 0.0, 1
4854009, 18.00,20220309 2100, 0.0, 1
4854009, 18.00,20220309 2200, 0.0, 1
4854009, 18.00,20220309 2300, 0.0, 1
4854009, 18.00,20220310 0000, 0.0, 1
4854009, 18.00,20220310 0100, 0.0, 1
4854009, 18.00,20220310 0200, 0.0, 1
4854009, 18.00,20220310 0300, 0.0, 1
4854009, 18.00,20220310 0400, 0.0, 1
4854009, 18.00,20220310 0500, 0.0, 1
4854009, 18.00,20220310 0600, 0.0, 1
4854009, 18.00,20220310 0700, 0.0, 1
4854009, 18.00,20220310 0800, 0.0, 1
4854009, 18.00,20220310 0900, 0.0, 1
4854009, 18.00,20220310 1000, 0.0, 1
4854009, 18.00,20220310 1100, 0.0, 1
4854009, 18.00,20220310 1200, 0.0, 1
4854009, 18.00,20220310 1300, 0.0, 1
4854009, 18.00,20220310 1400, 0.0, 1
4854009, 18.00,20220310 1500, 0.0, 1
4854009, 18.00,20220310 1600, 0.0, 1
4854009, 18.00,20220310 1700, 0.0, 1
4854009, 18.00,20220310 1800, 0.0, 1
4854009, 18.00,20220310 1900, 0.0, 1
4854009, 18.00,20220310 2000, 0.0, 1
4854009, 18.00,20220310 2100, 0.0, 1
4854009, 18.00,20220310 2200, 0.0, 1
4854009, 18.00,20220310 2300, 0.0, 1
4854009, 18.00,20220311 0000, 0.0, 1
4854009, 18.00,20220311 0100, 0.0, 1
4854009, 18.00,20220311 0200, 0.0, 1
4854009, 18.00,20220311 0300, 0.0, 1
4854009, 18.00,20220311 0400, 0.0, 1
4854009, 18.00,20220311 0500, 0.0, 1
4854009, 18.00,20220311 0600, 0.0, 1
4854009, 18.00,20220311 0700, 0.0, 1
4854009, 18.00,20220311 0800, 0.0, 1
4854009, 18.00,20220311 0900, 0.0, 1
4854009, 18.00,20220311 1000, 0.0, 1
4854009, 18.00,20220311 1100, 0.0, 1
4854009, 18.00,20220311 1200, 0.0, 1
4854009, 18.00,20220311 1300, 0.0, 1
4854009, 18.00,20220311 1400, 0.0, 1
4854009, 18.00,20220311 1500, 0.0, 1
4854009, 18.00,20220311 1600, 0.0, 1
4854009, 18.00,20220311 1700, 0.0, 1
4854009, 18.00,20220311 1800, 0.0, 1
4854009, 18.00,20220311 1900, 1.0, 1
4854009, 18.00,20220311 2000, 8.0, 1
4854009, 18.00,20220311 2100, 2.5, 1
4854009, 18.00,20220311 2200, 0.0, 1
4854009, 18.00,20220311 2300, 0.0, 1
4854009, 18.00,20220312 0000, 1.5, 1
4854009, 18.00,20220312 0100, 0.5, 1
4854009, 18.00,20220312 0200, 0.0, 1
4854009, 18.00,20220312 0300, 0.0, 1
4854009, 18.00,20220312 0400, 0.0, 1
4854009, 18.00,20220312 0500, 0.0, 1
4854009, 18.00,20220312 0600, 0.0, 1
4854009, 18.00,20220312 0700, 0.0, 1
4854009, 18.00,20220312 0800, 2.0, 1
4854009, 18.00,20220312 0900, 1.0, 1
4854009, 18.00,20220312 1000, 10.5, 1
4854009, 18.00,20220312 1100, 2.0, 1
4854009, 18.00,20220312 1200, 0.0, 1
4854009, 18.00,20220312 1300, 0.0, 1
4854009, 18.00,20220312 1400, 0.0, 1
4854009, 18.00,20220312 1500, 0.0, 1
4854009, 18.00,20220312 1600, 0.0, 1
4854009, 18.00,20220312 1700, 0.0, 1
4854009, 18.00,20220312 1800, 0.0, 1
4854009, 18.00,20220312 1900, 0.0, 1
4854009, 18.00,20220312 2000, 0.0, 1
4854009, 18.00,20220312 2100, 0.0, 1
4854009, 18.00,20220312 2200, 0.0, 1
4854009, 18.00,20220312 2300, 0.0, 1
4854009, 18.00,20220313 0000, 0.0, 1
4854009, 18.00,20220313 0100, 0.0, 1
4854009, 18.00,20220313 0200, 0.0, 1
4854009, 18.00,20220313 0300, 0.0, 1
4854009, 18.00,20220313 0400, 0.0, 1
4854009, 18.00,20220313 0500, 0.0, 1
4854009, 18.00,20220313 0600, 0.0, 1
4854009, 18.00,20220313 0700, 0.0, 1
4854009, 18.00,20220313 0800, 0.0, 1
4854009, 18.00,20220313 0900, 0.0, 1
4854009, 18.00,20220313 1000, 0.0, 1
4854009, 18.00,20220313 1100, 0.0, 1
4854009, 18.00,20220313 1200, 0.0, 1
4854009, 18.00,20220313 1300, 0.0, 1
4854009, 18.00,20220313 1400, 0.0, 1
4854009, 18.00,20220313 1500, 0.0, 1
4854009, 18.00,20220313 1600, 0.0, 1
4854009, 18.00,20220313 1700, 0.0, 1
4854009, 18.00,20220313 1800, 0.0, 1
4854009, 18.00,20220313 1900, 0.0, 1
4854009, 18.00,20220313 2000, 0.0, 1
4854009, 18.00,20220313 2100, 0.0, 1
4854009, 18.00,20220313 2200, 0.0, 1
4854009, 18.00,20220313 2300, 0.0, 1
4854009, 18.00,20220314 0000, 0.0, 1
4854009, 18.00,20220314 0100, 0.0, 1
4854009, 18.00,20220314 0200, 0.0, 1
4854009, 18.00,20220314 0300, 0.0, 1
4854009, 18.00,20220314 0400, 0.0, 1
4854009, 18.00,20220314 0500, 0.0, 1
4854009, 18.00,20220314 0600, 0.0, 1
4854009, 18.00,20220314 0700, 0.0, 1
4854009, 18.00,20220314 0800, 0.0, 1
4854009, 18.00,20220314 0900, 0.0, 1
4854009, 18.00,20220314 1000, 0.0, 1
4854009, 18.00,20220314 1100, 0.0, 1
4854009, 18.00,20220314 1200, 0.0, 1
4854009, 18.00,20220314 1300, 0.0, 1
4854009, 18.00,20220314 1400, 0.0, 1
4854009, 18.00,20220314 1500, 0.0, 1
4854009, 18.00,20220314 1600, 0.0, 1
4854009, 18.00,20220314 1700, 0.0, 1
4854009, 18.00,20220314 1800, 16.5, 1
4854009, 18.00,20220314 1900, 3.5, 1
4854009, 18.00,20220314 2000, 0.0, 1
4854009, 18.00,20220314 2100, 0.0, 1
4854009, 18.00,20220314 2200, 0.0, 1
4854009, 18.00,20220314 2300, 0.0, 1
4854009, 18.00,20220315 0000, 0.0, 1
4854009, 18.00,20220315 0100, 0.0, 1
4854009, 18.00,20220315 0200, 0.0, 1
4854009, 18.00,20220315 0300, 0.0, 1
4854009, 18.00,20220315 0400, 1.5, 1
4854009, 18.00,20220315 0500, 0.5, 1
4854009, 18.00,20220315 0600, 0.0, 1
4854009, 18.00,20220315 0700, 0.0, 1
4854009, 18.00,20220315 0800, 0.0, 1
4854009, 18.00,20220315 0900, 0.0, 1
4854009, 18.00,20220315 1000, 0.0, 1
4854009, 18.00,20220315 1100, 0.0, 1
4854009, 18.00,20220315 1200, 0.0, 1
4854009, 18.00,20220315 1300, 0.0, 1
4854009, 18.00,20220315 1400, 0.0, 1
4854009, 18.00,20220315 1500, 0.0, 1
4854009, 18.00,20220315 1600, 0.0, 1
4854009, 18.00,20220315 1700, 8.0, 1
4854009, 18.00,20220315 1800, 6.0, 1
4854009, 18.00,20220315 1900, 0.0, 1
4854009, 18.00,20220315 2000, 0.0, 1
4854009, 18.00,20220315 2100, 0.0, 1
4854009, 18.00,20220315 2200, 0.0, 1
4854009, 18.00,20220315 2300, 0.0, 1
4854009, 18.00,20220316 0000, 0.0, 1
4854009, 18.00,20220316 0100, 0.0, 1
4854009, 18.00,20220316 0200, 0.0, 1
4854009, 18.00,20220316 0300, 0.0, 1
4854009, 18.00,20220316 0400, 0.0, 1
4854009, 18.00,20220316 0500, 0.0, 1
4854009, 18.00,20220316 0600, 0.0, 1
4854009, 18.00,20220316 0700, 0.0, 1
4854009, 18.00,20220316 0800, 0.0, 1
4854009, 18.00,20220316 0900, 0.0, 1
4854009, 18.00,20220316 1000, 0.5, 1
4854009, 18.00,20220316 1100, 0.0, 1
4854009, 18.00,20220316 1200, 0.0, 1
4854009, 18.00,20220316 1300, 0.0, 1
4854009, 18.00,20220316 1400, 0.5, 1
4854009, 18.00,20220316 1500, 0.0, 1
4854009, 18.00,20220316 1600, 0.0, 1
4854009, 18.00,20220316 1700, 0.0, 1
4854009, 18.00,20220316 1800, 0.0, 1
4854009, 18.00,20220316 1900, 2.0, 1
4854009, 18.00,20220316 2000, 0.0, 1
4854009, 18.00,20220316 2100, 0.0, 1
4854009, 18.00,20220316 2200, 0.5, 1
4854009, 18.00,20220316 2300, 0.5, 1
4854009, 18.00,20220317 0000, 0.0, 1
4854009, 18.00,20220317 0100, 0.0, 1
4854009, 18.00,20220317 0200, 0.0, 1
4854009, 18.00,20220317 0300, 0.0, 1
4854009, 18.00,20220317 0400, 0.0, 1
4854009, 18.00,20220317 0500, 0.0, 1
4854009, 18.00,20220317 0600, 0.0, 1
4854009, 18.00,20220317 0700, 0.0, 1
4854009, 18.00,20220317 0800, 0.0, 1
4854009, 18.00,20220317 0900, 0.0, 1
4854009, 18.00,20220317 1000, 0.0, 1
4854009, 18.00,20220317 1100, 0.0, 1
4854009, 18.00,20220317 1200, 0.0, 1
4854009, 18.00,20220317 1300, 0.0, 1
4854009, 18.00,20220317 1400, 0.0, 1
4854009, 18.00,20220317 1500, 0.0, 1
4854009, 18.00,20220317 1600, 0.0, 1
4854009, 18.00,20220317 1700, 33.0, 1
4854009, 18.00,20220317 1800, 2.5, 1
4854009, 18.00,20220317 1900, 0.0, 1
4854009, 18.00,20220317 2000, 0.0, 1
4854009, 18.00,20220317 2100, 0.0, 1
4854009, 18.00,20220317 2200, 0.0, 1
4854009, 18.00,20220317 2300, 0.0, 1
4854009, 18.00,20220318 0000, 0.0, 1
4854009, 18.00,20220318 0100, 0.0, 1
4854009, 18.00,20220318 0200, 0.0, 1
4854009, 18.00,20220318 0300, 0.0, 1
4854009, 18.00,20220318 0400, 0.0, 1
4854009, 18.00,20220318 0500, 0.0, 1
4854009, 18.00,20220318 0600, 0.0, 1
4854009, 18.00,20220318 0700, 0.0, 1
4854009, 18.00,20220318 0800, 0.0, 1
4854009, 18.00,20220318 0900, 0.0, 1
4854009, 18.00,20220318 1000, 0.0, 1
4854009, 18.00,20220318 1100, 0.0, 1
4854009, 18.00,20220318 1200, 0.0, 1
4854009, 18.00,20220318 1300, 0.0, 1
4854009, 18.00,20220318 1400, 0.5, 1
4854009, 18.00,20220318 1500, 0.5, 1
4854009, 18.00,20220318 1600, 3.5, 1
4854009, 18.00,20220318 1700, 0.0, 1
4854009, 18.00,20220318 1800, 0.0, 1
4854009, 18.00,20220318 1900, 0.0, 1
4854009, 18.00,20220318 2000, 0.0, 1
4854009, 18.00,20220318 2100, 0.0, 1
4854009, 18.00,20220318 2200, 0.0, 1
4854009, 18.00,20220318 2300, 0.0, 1
4854009, 18.00,20220319 0000, 0.0, 1
4854009, 18.00,20220319 0100, 0.0, 1
4854009, 18.00,20220319 0200, 0.0, 1
4854009, 18.00,20220319 0300, 0.5, 1
4854009, 18.00,20220319 0400, 0.0, 1
4854009, 18.00,20220319 0500, 0.0, 1
4854009, 18.00,20220319 0600, 0.0, 1
4854009, 18.00,20220319 0700, 0.0, 1
4854009, 18.00,20220319 0800, 0.0, 1
4854009, 18.00,20220319 0900, 0.0, 1
4854009, 18.00,20220319 1000, 0.0, 1
4854009, 18.00,20220319 1100, 0.0, 1
4854009, 18.00,20220319 1200, 0.0, 1
4854009, 18.00,20220319 1300, 36.0, 1
4854009, 18.00,20220319 1400, 7.0, 1
4854009, 18.00,20220319 1500, 0.0, 1
4854009, 18.00,20220319 1600, 0.0, 1
4854009, 18.00,20220319 1700, 0.0, 1
4854009, 18.00,20220319 1800, 0.0, 1
4854009, 18.00,20220319 1900, 8.0, 1
4854009, 18.00,20220319 2000, 14.0, 1
4854009, 18.00,20220319 2100, 4.0, 1
4854009, 18.00,20220319 2200, 3.0, 1
4854009, 18.00,20220319 2300, 0.0, 1
4854009, 18.00,20220320 0000, 1.0, 1
4854009, 18.00,20220320 0100, 0.0, 1
4854009, 18.00,20220320 0200, 0.0, 1
4854009, 18.00,20220320 0300, 0.0, 1
4854009, 18.00,20220320 0400, 0.0, 1
4854009, 18.00,20220320 0500, 0.0, 1
4854009, 18.00,20220320 0600, 0.0, 1
4854009, 18.00,20220320 0700, 0.0, 1
4854009, 18.00,20220320 0800, 0.0, 1
4854009, 18.00,20220320 0900, 0.0, 1
4854009, 18.00,20220320 1000, 0.0, 1
4854009, 18.00,20220320 1100, 0.0, 1
4854009, 18.00,20220320 1200, 0.0, 1
4854009, 18.00,20220320 1300, 0.0, 1
4854009, 18.00,20220320 1400, 0.0, 1
4854009, 18.00,20220320 1500, 0.0, 1
4854009, 18.00,20220320 1600, 0.0, 1
4854009, 18.00,20220320 1700, 0.0, 1
4854009, 18.00,20220320 1800, 21.5, 1
4854009, 18.00,20220320 1900, 1.5, 1
4854009, 18.00,20220320 2000, 0.0, 1
4854009, 18.00,20220320 2100, 2.5, 1
4854009, 18.00,20220320 2200, 6.0, 1
4854009, 18.00,20220320 2300, 0.5, 1
4854009, 18.00,20220321 0000, 0.0, 1
4854009, 18.00,20220321 0100, 0.0, 1
4854009, 18.00,20220321 0200, 0.0, 1
4854009, 18.00,20220321 0300, 0.0, 1
4854009, 18.00,20220321 0400, 0.0, 1
4854009, 18.00,20220321 0500, 0.0, 1
4854009, 18.00,20220321 0600, 0.0, 1
4854009, 18.00,20220321 0700, 0.5, 1
4854009, 18.00,20220321 0800, 0.0, 1
4854009, 18.00,20220321 0900, 0.0, 1
4854009, 18.00,20220321 1000, 0.0, 1
4854009, 18.00,20220321 1100, 0.0, 1
4854009, 18.00,20220321 1200, 0.0, 1
4854009, 18.00,20220321 1300, 0.0, 1
4854009, 18.00,20220321 1400, 0.0, 1
4854009, 18.00,20220321 1500, 0.0, 1
4854009, 18.00,20220321 1600, 2.5, 1
4854009, 18.00,20220321 1700, 4.5, 1
4854009, 18.00,20220321 1800, 0.0, 1
4854009, 18.00,20220321 1900, 0.0, 1
4854009, 18.00,20220321 2000, 0.0, 1
4854009, 18.00,20220321 2100, 0.0, 1
4854009, 18.00,20220321 2200, 0.5, 1
4854009, 18.00,20220321 2300, 0.0, 1
4854009, 18.00,20220322 0000, 0.0, 1
4854009, 18.00,20220322 0100, 0.0, 1
4854009, 18.00,20220322 0200, 0.0, 1
4854009, 18.00,20220322 0300, 0.0, 1
4854009, 18.00,20220322 0400, 0.0, 1
4854009, 18.00,20220322 0500, 0.0, 1
4854009, 18.00,20220322 0600, 0.0, 1
4854009, 18.00,20220322 0700, 0.0, 1
4854009, 18.00,20220322 0800, 0.0, 1
4854009, 18.00,20220322 0900, 0.0, 1
4854009, 18.00,20220322 1000, 0.0, 1
4854009, 18.00,20220322 1100, 0.0, 1
4854009, 18.00,20220322 1200, 0.0, 1
4854009, 18.00,20220322 1300, 1.5, 1
4854009, 18.00,20220322 1400, 1.5, 1
4854009, 18.00,20220322 1500, 0.0, 1
4854009, 18.00,20220322 1600, 0.0, 1
4854009, 18.00,20220322 1700, 0.0, 1
4854009, 18.00,20220322 1800, 0.0, 1
4854009, 18.00,20220322 1900, 0.5, 1
4854009, 18.00,20220322 2000, 2.0, 1
4854009, 18.00,20220322 2100, 0.0, 1
4854009, 18.00,20220322 2200, 1.0, 1
4854009, 18.00,20220322 2300, 0.5, 1
4854009, 18.00,20220323 0000, 1.0, 1
4854009, 18.00,20220323 0100, 1.0, 1
4854009, 18.00,20220323 0200, 0.0, 1
4854009, 18.00,20220323 0300, 0.0, 1
4854009, 18.00,20220323 0400, 0.0, 1
4854009, 18.00,20220323 0500, 0.0, 1
4854009, 18.00,20220323 0600, 0.0, 1
4854009, 18.00,20220323 0700, 0.0, 1
4854009, 18.00,20220323 0800, 0.0, 1
4854009, 18.00,20220323 0900, 0.0, 1
4854009, 18.00,20220323 1000, 0.0, 1
4854009, 18.00,20220323 1100, 0.5, 1
4854009, 18.00,20220323 1200, 0.0, 1
4854009, 18.00,20220323 1300, 0.0, 1
4854009, 18.00,20220323 1400, 0.0, 1
4854009, 18.00,20220323 1500, 0.0, 1
4854009, 18.00,20220323 1600, 0.0, 1
4854009, 18.00,20220323 1700, 0.0, 1
4854009, 18.00,20220323 1800, 0.0, 1
4854009, 18.00,20220323 1900, 0.0, 1
4854009, 18.00,20220323 2000, 0.0, 1
4854009, 18.00,20220323 2100, 0.0, 1
4854009, 18.00,20220323 2200, 0.0, 1
4854009, 18.00,20220323 2300, 0.0, 1
4854009, 18.00,20220324 0000, 0.0, 1
4854009, 18.00,20220324 0100, 0.0, 1
4854009, 18.00,20220324 0200, 0.0, 1
4854009, 18.00,20220324 0300, 0.0, 1
4854009, 18.00,20220324 0400, 0.0, 1
4854009, 18.00,20220324 0500, 0.0, 1
4854009, 18.00,20220324 0600, 0.0, 1
4854009, 18.00,20220324 0700, 0.0, 1
4854009, 18.00,20220324 0800, 0.0, 1
4854009, 18.00,20220324 0900, 0.0, 1
4854009, 18.00,20220324 1000, 0.0, 1
4854009, 18.00,20220324 1100, 0.0, 1
4854009, 18.00,20220324 1200, 0.0, 1
4854009, 18.00,20220324 1300, 0.0, 1
4854009, 18.00,20220324 1400, 0.0, 1
4854009, 18.00,20220324 1500, 0.0, 1
4854009, 18.00,20220324 1600, 0.0, 1
4854009, 18.00,20220324 1700, 0.0, 1
4854009, 18.00,20220324 1800, 0.0, 1
4854009, 18.00,20220324 1900, 0.0, 1
4854009, 18.00,20220324 2000, 0.0, 1
4854009, 18.00,20220324 2100, 0.0, 1
4854009, 18.00,20220324 2200, 0.0, 1
4854009, 18.00,20220324 2300, 0.0, 1
4854009, 18.00,20220325 0000, 0.0, 1
4854009, 18.00,20220325 0100, 0.0, 1
4854009, 18.00,20220325 0200, 0.0, 1
4854009, 18.00,20220325 0300, 0.0, 1
4854009, 18.00,20220325 0400, 0.0, 1
4854009, 18.00,20220325 0500, 0.0, 1
4854009, 18.00,20220325 0600, 0.0, 1
4854009, 18.00,20220325 0700, 0.0, 1
4854009, 18.00,20220325 0800, 0.0, 1
4854009, 18.00,20220325 0900, 0.0, 1
4854009, 18.00,20220325 1000, 0.0, 1
4854009, 18.00,20220325 1100, 0.0, 1
4854009, 18.00,20220325 1200, 0.0, 1
4854009, 18.00,20220325 1300, 0.0, 1
4854009, 18.00,20220325 1400, 0.0, 1
4854009, 18.00,20220325 1500, 0.0, 1
4854009, 18.00,20220325 1600, 4.5, 1
4854009, 18.00,20220325 1700, 6.5, 1
4854009, 18.00,20220325 1800, 0.5, 1
4854009, 18.00,20220325 1900, 0.5, 1
4854009, 18.00,20220325 2000, 0.0, 1
4854009, 18.00,20220325 2100, 0.0, 1
4854009, 18.00,20220325 2200, 0.0, 1
4854009, 18.00,20220325 2300, 0.0, 1
4854009, 18.00,20220326 0000, 0.0, 1
4854009, 18.00,20220326 0100, 0.0, 1
4854009, 18.00,20220326 0200, 0.0, 1
4854009, 18.00,20220326 0300, 0.0, 1
4854009, 18.00,20220326 0400, 0.0, 1
4854009, 18.00,20220326 0500, 0.0, 1
4854009, 18.00,20220326 0600, 0.0, 1
4854009, 18.00,20220326 0700, 0.0, 1
4854009, 18.00,20220326 0800, 0.0, 1
4854009, 18.00,20220326 0900, 0.0, 1
4854009, 18.00,20220326 1000, 0.0, 1
4854009, 18.00,20220326 1100, 0.0, 1
4854009, 18.00,20220326 1200, 0.0, 1
4854009, 18.00,20220326 1300, 0.0, 1
4854009, 18.00,20220326 1400, 0.0, 1
4854009, 18.00,20220326 1500, 0.0, 1
4854009, 18.00,20220326 1600, 0.0, 1
4854009, 18.00,20220326 1700, 0.0, 1
4854009, 18.00,20220326 1800, 0.0, 1
4854009, 18.00,20220326 1900, 0.0, 1
4854009, 18.00,20220326 2000, 13.0, 1
4854009, 18.00,20220326 2100, 8.0, 1
4854009, 18.00,20220326 2200, 0.0, 1
4854009, 18.00,20220326 2300, 0.0, 1
4854009, 18.00,20220327 0000, 0.0, 1
4854009, 18.00,20220327 0100, 0.0, 1
4854009, 18.00,20220327 0200, 0.0, 1
4854009, 18.00,20220327 0300, 0.0, 1
4854009, 18.00,20220327 0400, 8.0, 1
4854009, 18.00,20220327 0500, 0.0, 1
4854009, 18.00,20220327 0600, 0.0, 1
4854009, 18.00,20220327 0700, 0.0, 1
4854009, 18.00,20220327 0800, 0.0, 1
4854009, 18.00,20220327 0900, 0.0, 1
4854009, 18.00,20220327 1000, 0.0, 1
4854009, 18.00,20220327 1100, 0.0, 1
4854009, 18.00,20220327 1200, 0.0, 1
4854009, 18.00,20220327 1300, 0.0, 1
4854009, 18.00,20220327 1400, 1.0, 1
4854009, 18.00,20220327 1500, 0.0, 1
4854009, 18.00,20220327 1600, 0.0, 1
4854009, 18.00,20220327 1700, 0.0, 1
4854009, 18.00,20220327 1800, 0.0, 1
4854009, 18.00,20220327 1900, 0.5, 1
4854009, 18.00,20220327 2000, 0.0, 1
4854009, 18.00,20220327 2100, 0.0, 1
4854009, 18.00,20220327 2200, 0.0, 1
4854009, 18.00,20220327 2300, 0.0, 1
4854009, 18.00,20220328 0000, 0.0, 1
4854009, 18.00,20220328 0100, 0.0, 1
4854009, 18.00,20220328 0200, 0.0, 1
4854009, 18.00,20220328 0300, 0.0, 1
4854009, 18.00,20220328 0400, 0.0, 1
4854009, 18.00,20220328 0500, 0.0, 1
4854009, 18.00,20220328 0600, 0.0, 1
4854009, 18.00,20220328 0700, 0.0, 1
4854009, 18.00,20220328 0800, 0.0, 1
4854009, 18.00,20220328 0900, 0.0, 1
4854009, 18.00,20220328 1000, 0.0, 1
4854009, 18.00,20220328 1100, 0.0, 1
4854009, 18.00,20220328 1200, 0.0, 1
4854009, 18.00,20220328 1300, 0.0, 1
4854009, 18.00,20220328 1400, 0.0, 1
4854009, 18.00,20220328 1500, 0.0, 1
4854009, 18.00,20220328 1600, 0.0, 1
4854009, 18.00,20220328 1700, 0.0, 1
4854009, 18.00,20220328 1800, 1.0, 1
4854009, 18.00,20220328 1900, 20.5, 1
4854009, 18.00,20220328 2000, 56.5, 1
4854009, 18.00,20220328 2100, 8.0, 1
4854009, 18.00,20220328 2200, 3.0, 1
4854009, 18.00,20220328 2300, 0.5, 1
4854009, 18.00,20220329 0000, 0.0, 1
4854009, 18.00,20220329 0100, 0.0, 1
4854009, 18.00,20220329 0200, 0.0, 1
4854009, 18.00,20220329 0300, 0.0, 1
4854009, 18.00,20220329 0400, 0.0, 1
4854009, 18.00,20220329 0500, 0.0, 1
4854009, 18.00,20220329 0600, 0.0, 1
4854009, 18.00,20220329 0700, 0.0, 1
4854009, 18.00,20220329 0800, 0.0, 1
4854009, 18.00,20220329 0900, 0.0, 1
4854009, 18.00,20220329 1000, 0.0, 1
4854009, 18.00,20220329 1100, 0.0, 1
4854009, 18.00,20220329 1200, 0.0, 1
4854009, 18.00,20220329 1300, 0.0, 1
4854009, 18.00,20220329 1400, 0.0, 1
4854009, 18.00,20220329 1500, 0.0, 1
4854009, 18.00,20220329 1600, 0.0, 1
4854009, 18.00,20220329 1700, 0.0, 1
4854009, 18.00,20220329 1800, 0.0, 1
4854009, 18.00,20220329 1900, 0.0, 1
4854009, 18.00,20220329 2000, 0.0, 1
4854009, 18.00,20220329: 2100, 0.0, 1
4854009, 18.00,20220329 2200, 0.0, 1
4854009, 18.00,20220329 2300, 0.0, 1
4854009, 18.00,20220330 0000, 0.0, 1
4854009, 18.00,20220330 0100, 0.0, 1
4854009, 18.00,20220330 0200, 0.0, 1
4854009, 18.00,20220330 0300, 0.0, 1
4854009, 18.00,20220330 0400, 0.0, 1
4854009, 18.00,20220330 0500, 0.0, 1
4854009, 18.00,20220330 0600, 0.0, 1
4854009, 18.00,20220330 0700, 0.0, 1
4854009, 18.00,20220330 0800, 0.0, 1
4854009, 18.00,20220330 0900, 0.0, 1
4854009, 18.00,20220330 1000, 0.0, 1
4854009, 18.00,20220330 1100, 0.0, 1
4854009, 18.00,20220330 1200, 0.0, 1
4854009, 18.00,20220330 1300, 0.0, 1
4854009, 18.00,20220330 1400, 0.0, 1
4854009, 18.00,20220330 1500, 0.0, 1
4854009, 18.00,20220330 1600, 0.0, 1
4854009, 18.00,20220330 1700, 0.0, 1
4854009, 18.00,20220330 1800, 0.0, 1
4854009, 18.00,20220330 1900, 0.0, 1
4854009, 18.00,20220330 2000, 0.0, 1
4854009, 18.00,20220330 2100, 0.0, 1
4854009, 18.00,20220330 2200, 0.0, 1
4854009, 18.00,20220330 2300, 0.0, 1
4854009, 18.00,20220331 0000, 0.0, 1
4854009, 18.00,20220331 0100, 0.0, 1
4854009, 18.00,20220331 0200, 0.0, 1
4854009, 18.00,20220331 0300, 0.0, 1
4854009, 18.00,20220331 0400, 0.0, 1
4854009, 18.00,20220331 0500, 0.0, 1
4854009, 18.00,20220331 0600, 0.0, 1
4854009, 18.00,20220331 0700, 0.0, 1
4854009, 18.00,20220331 0800, 0.0, 1
4854009, 18.00,20220331 0900, 0.0, 1
4854009, 18.00,20220331 1000, 0.0, 1
4854009, 18.00,20220331 1100, 0.0, 1
4854009, 18.00,20220331 1200, 0.0, 1
4854009, 18.00,20220331 1300, 0.0, 1
4854009, 18.00,20220331 1400, 0.0, 1
4854009, 18.00,20220331 1500, 0.0, 1
4854009, 18.00,20220331 1600, 0.0, 1
4854009, 18.00,20220331 1700, 0.0, 1
4854009, 18.00,20220331 1800, 0.0, 1
4854009, 18.00,20220331 1900, 0.0, 1
4854009, 18.00,20220331 2000, 0.0, 1
4854009, 18.00,20220331 2100, 0.0, 1
4854009, 18.00,20220331 2200, 0.0, 1
4854009, 18.00,20220331 2300, 0.0, 1
4854009, 18.00,20220401 0000, 0.0, 1
4854009, 18.00,20220401 0100, 0.0, 1
4854009, 18.00,20220401 0200, 0.0, 1
4854009, 18.00,20220401 0300, 0.0, 1
4854009, 18.00,20220401 0400, 0.0, 1
4854009, 18.00,20220401 0500, 0.0, 1
4854009, 18.00,20220401 0600, 0.0, 1
4854009, 18.00,20220401 0700, 0.0, 1
4854009, 18.00,20220401 0800, 0.0, 1
4854009, 18.00,20220401 0900, 0.0, 1
4854009, 18.00,20220401 1000, 0.0, 1
4854009, 18.00,20220401 1100, 0.0, 1
4854009, 18.00,20220401 1200, 0.0, 1
4854009, 18.00,20220401 1300, 0.0, 1
4854009, 18.00,20220401 1400, 0.0, 1
4854009, 18.00,20220401 1500, 0.0, 1
4854009, 18.00,20220401 1600, 0.0, 1
4854009, 18.00,20220401 1700, 4.5, 1
4854009, 18.00,20220401 1800, 28.0, 1
4854009, 18.00,20220401 1900, 7.0, 1
4854009, 18.00,20220401 2000, 0.0, 1
4854009, 18.00,20220401 2100, 0.0, 1
4854009, 18.00,20220401 2200, 0.0, 1
4854009, 18.00,20220401 2300, 0.0, 1
4854009, 18.00,20220402 0000, 0.0, 1
4854009, 18.00,20220402 0100, 0.0, 1
4854009, 18.00,20220402 0200, 0.0, 1
4854009, 18.00,20220402 0300, 0.0, 1
4854009, 18.00,20220402 0400, 0.0, 1
4854009, 18.00,20220402 0500, 0.0, 1
4854009, 18.00,20220402 0600, 0.0, 1
4854009, 18.00,20220402 0700, 0.0, 1
4854009, 18.00,20220402 0800, 0.0, 1
4854009, 18.00,20220402 0900, 0.0, 1
4854009, 18.00,20220402 1000, 0.0, 1
4854009, 18.00,20220402 1100, 0.0, 1
4854009, 18.00,20220402 1200, 0.0, 1
4854009, 18.00,20220402 1300, 0.0, 1
4854009, 18.00,20220402 1400, 0.0, 1
4854009, 18.00,20220402 1500, 0.0, 1
4854009, 18.00,20220402 1600, 0.0, 1
4854009, 18.00,20220402 1700, 0.0, 1
4854009, 18.00,20220402 1800, 0.0, 1
4854009, 18.00,20220402 1900, 0.0, 1
4854009, 18.00,20220402 2000, 0.0, 1
4854009, 18.00,20220402 2100, 0.0, 1
4854009, 18.00,20220402 2200, 0.0, 1
4854009, 18.00,20220402 2300, 0.0, 1
4854009, 18.00,20220403 0000, 0.0, 1
4854009, 18.00,20220403 0100, 0.0, 1
4854009, 18.00,20220403 0200, 0.0, 1
4854009, 18.00,20220403 0300, 0.0, 1
4854009, 18.00,20220403 0400, 0.0, 1
4854009, 18.00,20220403 0500, 0.0, 1
4854009, 18.00,20220403 0600, 0.0, 1
4854009, 18.00,20220403 0700, 0.0, 1
4854009, 18.00,20220403 0800, 0.0, 1
4854009, 18.00,20220403 0900, 0.0, 1
4854009, 18.00,20220403 1000, 0.0, 1
4854009, 18.00,20220403 1100, 0.0, 1
4854009, 18.00,20220403 1200, 0.0, 1
4854009, 18.00,20220403 1300, 0.0, 1
4854009, 18.00,20220403 1400, 0.0, 1
4854009, 18.00,20220403 1500, 0.0, 1
4854009, 18.00,20220403 1600, 0.0, 1
4854009, 18.00,20220403 1700, 0.0, 1
4854009, 18.00,20220403 1800, 0.0, 1
4854009, 18.00,20220403 1900, 0.0, 1
4854009, 18.00,20220403 2000, 0.0, 1
4854009, 18.00,20220403 2100, 0.0, 1
4854009, 18.00,20220403 2200, 0.0, 1
4854009, 18.00,20220403 2300, 0.0, 1
4854009, 18.00,20220404 0000, 0.0, 1
4854009, 18.00,20220404 0100, 0.0, 1
4854009, 18.00,20220404 0200, 0.0, 1
4854009, 18.00,20220404 0300, 0.0, 1
4854009, 18.00,20220404 0400, 0.0, 1
4854009, 18.00,20220404 0500, 0.0, 1
4854009, 18.00,20220404 0600, 0.0, 1
4854009, 18.00,20220404 0700, 0.0, 1
4854009, 18.00,20220404 0800, 0.0, 1
4854009, 18.00,20220404 0900, 0.0, 1
4854009, 18.00,20220404 1000, 0.0, 1
4854009, 18.00,20220404 1100, 0.0, 1
4854009, 18.00,20220404 1200, 0.0, 1
4854009, 18.00,20220404 1300, 0.0, 1
4854009, 18.00,20220404 1400, 0.0, 1
4854009, 18.00,20220404 1500, 0.0, 1
4854009, 18.00,20220404 1600, 0.0, 1
4854009, 18.00,20220404 1700, 0.0, 1
4854009, 18.00,20220404 1800, 6.5, 1
4854009, 18.00,20220404 1900, 2.5, 1
4854009, 18.00,20220404 2000, 3.0, 1
4854009, 18.00,20220404 2100, 0.0, 1
4854009, 18.00,20220404 2200, 0.0, 1
4854009, 18.00,20220404 2300, 0.0, 1
4854009, 18.00,20220405 0000, 0.0, 1
4854009, 18.00,20220405 0100, 0.0, 1
4854009, 18.00,20220405 0200, 0.0, 1
4854009, 18.00,20220405 0300, 0.0, 1
4854009, 18.00,20220405 0400, 0.0, 1
4854009, 18.00,20220405 0500, 0.0, 1
4854009, 18.00,20220405 0600, 0.0, 1
4854009, 18.00,20220405 0700, 0.0, 1
4854009, 18.00,20220405 0800, 0.0, 1
4854009, 18.00,20220405 0900, 0.0, 1
4854009, 18.00,20220405 1000, 0.0, 1
4854009, 18.00,20220405 1100, 0.0, 1
4854009, 18.00,20220405 1200, 0.0, 1
4854009, 18.00,20220405 1300, 0.0, 1
4854009, 18.00,20220405 1400, 0.0, 1
4854009, 18.00,20220405 1500, 0.0, 1
4854009, 18.00,20220405 1600, 0.0, 1
4854009, 18.00,20220405 1700, 0.0, 1
4854009, 18.00,20220405 1800, 56.5, 1
4854009, 18.00,20220405 1900, 4.0, 1
4854009, 18.00,20220405 2000, 4.0, 1
4854009, 18.00,20220405 2100, 0.5, 1
4854009, 18.00,20220405 2200, 0.0, 1
4854009, 18.00,20220405 2300, 0.0, 1
4854009, 18.00,20220406 0000, 0.0, 1
4854009, 18.00,20220406 0100, 0.0, 1
4854009, 18.00,20220406 0200, 0.0, 1
4854009, 18.00,20220406 0300, 0.0, 1
4854009, 18.00,20220406 0400, 0.0, 1
4854009, 18.00,20220406 0500, 0.0, 1
4854009, 18.00,20220406 0600, 0.0, 1
4854009, 18.00,20220406 0700, 0.0, 1
4854009, 18.00,20220406 0800, 0.0, 1
4854009, 18.00,20220406 0900, 0.0, 1
4854009, 18.00,20220406 1000, 0.0, 1
4854009, 18.00,20220406 1100, 0.0, 1
4854009, 18.00,20220406 1200, 0.0, 1
4854009, 18.00,20220406 1300, 0.0, 1
4854009, 18.00,20220406 1400, 0.0, 1
4854009, 18.00,20220406 1500, 0.0, 1
4854009, 18.00,20220406 1600, 0.0, 1
4854009, 18.00,20220406 1700, 0.0, 1
4854009, 18.00,20220406 1800, 0.0, 1
4854009, 18.00,20220406 1900, 0.0, 1
4854009, 18.00,20220406 2000, 0.5, 1
4854009, 18.00,20220406 2100, 0.0, 1
4854009, 18.00,20220406 2200, 0.0, 1
4854009, 18.00,20220406 2300, 0.0, 1
4854009, 18.00,20220407 0000, 0.0, 1
4854009, 18.00,20220407 0100, 0.0, 1
4854009, 18.00,20220407 0200, 0.0, 1
4854009, 18.00,20220407 0300, 0.0, 1
4854009, 18.00,20220407 0400, 0.0, 1
4854009, 18.00,20220407 0500, 0.0, 1
4854009, 18.00,20220407 0600, 0.0, 1
4854009, 18.00,20220407 0700, 0.0, 1
4854009, 18.00,20220407 0800, 0.0, 1
4854009, 18.00,20220407 0900, 0.0, 1
4854009, 18.00,20220407 1000, 0.5, 1
4854009, 18.00,20220407 1100, 0.0, 1
4854009, 18.00,20220407 1200, 0.0, 1
4854009, 18.00,20220407 1300, 0.0, 1
4854009, 18.00,20220407 1400, 0.0, 1
4854009, 18.00,20220407 1500, 13.0, 1
4854009, 18.00,20220407 1600, 1.0, 1
4854009, 18.00,20220407 1700, 0.0, 1
4854009, 18.00,20220407 1800, 0.0, 1
4854009, 18.00,20220407 1900, 0.5, 1
4854009, 18.00,20220407 2000, 1.0, 1
4854009, 18.00,20220407 2100, 0.0, 1
4854009, 18.00,20220407 2200, 0.0, 1
4854009, 18.00,20220407 2300, 0.0, 1
4854009, 18.00,20220408 0000, 0.0, 1
